Deck_Key,Display_Name,Unlocked_By_Default,Battle_Pass_Tier,Asset_Type,Card_Code,Rank,Suit,Width,Height,TexCoord_Left,TexCoord_Right,TexCoord_Top,TexCoord_Bottom,TGA_Path,PNG_Source_Path
Classic_8Bit,Classic 8-Bit,True,0,Card,AS,A,Spades,128,128,0.125,0.875,0.0,1.0,Media\Games\Cards\Classic_8Bit\Faces\AS.tga,Source_PNG\Games\Cards\Classic_8Bit\Faces\AS.png
Classic_8Bit,Classic 8-Bit,True,0,Card,AH,A,Hearts,128,128,0.125,0.875,0.0,1.0,Media\Games\Cards\Classic_8Bit\Faces\AH.tga,Source_PNG\Games\Cards\Classic_8Bit\Faces\AH.png
Classic_8Bit,Classic 8-Bit,True,0,Card,AD,A,Diamonds,128,128,0.125,0.875,0.0,1.0,Media\Games\Cards\Classic_8Bit\Faces\AD.tga,Source_PNG\Games\Cards\Classic_8Bit\Faces\AD.png
Classic_8Bit,Classic 8-Bit,True,0,Card,AC,A,Clubs,128,128,0.125,0.875,0.0,1.0,Media\Games\Cards\Classic_8Bit\Faces\AC.tga,Source_PNG\Games\Cards\Classic_8Bit\Faces\AC.png
Classic_8Bit,Classic 8-Bit,True,0,Card,2S,2,Spades,128,128,0.125,0.875,0.0,1.0,Media\Games\Cards\Classic_8Bit\Faces\2S.tga,Source_PNG\Games\Cards\Classic_8Bit\Faces\2S.png
Classic_8Bit,Classic 8-Bit,True,0,Card,2H,2,Hearts,128,128,0.125,0.875,0.0,1.0,Media\Games\Cards\Classic_8Bit\Faces\2H.tga,Source_PNG\Games\Cards\Classic_8Bit\Faces\2H.png
Classic_8Bit,Classic 8-Bit,True,0,Card,2D,2,Diamonds,128,128,0.125,0.875,0.0,1.0,Media\Games\Cards\Classic_8Bit\Faces\2D.tga,Source_PNG\Games\Cards\Classic_8Bit\Faces\2D.png
Classic_8Bit,Classic 8-Bit,True,0,Card,2C,2,Clubs,128,128,0.125,0.875,0.0,1.0,Media\Games\Cards\Classic_8Bit\Faces\2C.tga,Source_PNG\Games\Cards\Classic_8Bit\Faces\2C.png
Classic_8Bit,Classic 8-Bit,True,0,Card,3S,3,Spades,128,128,0.125,0.875,0.0,1.0,Media\Games\Cards\Classic_8Bit\Faces\3S.tga,Source_PNG\Games\Cards\Classic_8Bit\Faces\3S.png
Classic_8Bit,Classic 8-Bit,True,0,Card,3H,3,Hearts,128,128,0.125,0.875,0.0,1.0,Media\Games\Cards\Classic_8Bit\Faces\3H.tga,Source_PNG\Games\Cards\Classic_8Bit\Faces\3H.png
Classic_8Bit,Classic 8-Bit,True,0,Card,3D,3,Diamonds,128,128,0.125,0.875,0.0,1.0,Media\Games\Cards\Classic_8Bit\Faces\3D.tga,Source_PNG\Games\Cards\Classic_8Bit\Faces\3D.png
Classic_8Bit,Classic 8-Bit,True,0,Card,3C,3,Clubs,128,128,0.125,0.875,0.0,1.0,Media\Games\Cards\Classic_8Bit\Faces\3C.tga,Source_PNG\Games\Cards\Classic_8Bit\Faces\3C.png
Classic_8Bit,Classic 8-Bit,True,0,Card,4S,4,Spades,128,128,0.125,0.875,0.0,1.0,Media\Games\Cards\Classic_8Bit\Faces\4S.tga,Source_PNG\Games\Cards\Classic_8Bit\Faces\4S.png
Classic_8Bit,Classic 8-Bit,True,0,Card,4H,4,Hearts,128,128,0.125,0.875,0.0,1.0,Media\Games\Cards\Classic_8Bit\Faces\4H.tga,Source_PNG\Games\Cards\Classic_8Bit\Faces\4H.png
Classic_8Bit,Classic 8-Bit,True,0,Card,4D,4,Diamonds,128,128,0.125,0.875,0.0,1.0,Media\Games\Cards\Classic_8Bit\Faces\4D.tga,Source_PNG\Games\Cards\Classic_8Bit\Faces\4D.png
Classic_8Bit,Classic 8-Bit,True,0,Card,4C,4,Clubs,128,128,0.125,0.875,0.0,1.0,Media\Games\Cards\Classic_8Bit\Faces\4C.tga,Source_PNG\Games\Cards\Classic_8Bit\Faces\4C.png
Classic_8Bit,Classic 8-Bit,True,0,Card,5S,5,Spades,128,128,0.125,0.875,0.0,1.0,Media\Games\Cards\Classic_8Bit\Faces\5S.tga,Source_PNG\Games\Cards\Classic_8Bit\Faces\5S.png
Classic_8Bit,Classic 8-Bit,True,0,Card,5H,5,Hearts,128,128,0.125,0.875,0.0,1.0,Media\Games\Cards\Classic_8Bit\Faces\5H.tga,Source_PNG\Games\Cards\Classic_8Bit\Faces\5H.png
Classic_8Bit,Classic 8-Bit,True,0,Card,5D,5,Diamonds,128,128,0.125,0.875,0.0,1.0,Media\Games\Cards\Classic_8Bit\Faces\5D.tga,Source_PNG\Games\Cards\Classic_8Bit\Faces\5D.png
Classic_8Bit,Classic 8-Bit,True,0,Card,5C,5,Clubs,128,128,0.125,0.875,0.0,1.0,Media\Games\Cards\Classic_8Bit\Faces\5C.tga,Source_PNG\Games\Cards\Classic_8Bit\Faces\5C.png
Classic_8Bit,Classic 8-Bit,True,0,Card,6S,6,Spades,128,128,0.125,0.875,0.0,1.0,Media\Games\Cards\Classic_8Bit\Faces\6S.tga,Source_PNG\Games\Cards\Classic_8Bit\Faces\6S.png
Classic_8Bit,Classic 8-Bit,True,0,Card,6H,6,Hearts,128,128,0.125,0.875,0.0,1.0,Media\Games\Cards\Classic_8Bit\Faces\6H.tga,Source_PNG\Games\Cards\Classic_8Bit\Faces\6H.png
Classic_8Bit,Classic 8-Bit,True,0,Card,6D,6,Diamonds,128,128,0.125,0.875,0.0,1.0,Media\Games\Cards\Classic_8Bit\Faces\6D.tga,Source_PNG\Games\Cards\Classic_8Bit\Faces\6D.png
Classic_8Bit,Classic 8-Bit,True,0,Card,6C,6,Clubs,128,128,0.125,0.875,0.0,1.0,Media\Games\Cards\Classic_8Bit\Faces\6C.tga,Source_PNG\Games\Cards\Classic_8Bit\Faces\6C.png
Classic_8Bit,Classic 8-Bit,True,0,Card,7S,7,Spades,128,128,0.125,0.875,0.0,1.0,Media\Games\Cards\Classic_8Bit\Faces\7S.tga,Source_PNG\Games\Cards\Classic_8Bit\Faces\7S.png
Classic_8Bit,Classic 8-Bit,True,0,Card,7H,7,Hearts,128,128,0.125,0.875,0.0,1.0,Media\Games\Cards\Classic_8Bit\Faces\7H.tga,Source_PNG\Games\Cards\Classic_8Bit\Faces\7H.png
Classic_8Bit,Classic 8-Bit,True,0,Card,7D,7,Diamonds,128,128,0.125,0.875,0.0,1.0,Media\Games\Cards\Classic_8Bit\Faces\7D.tga,Source_PNG\Games\Cards\Classic_8Bit\Faces\7D.png
Classic_8Bit,Classic 8-Bit,True,0,Card,7C,7,Clubs,128,128,0.125,0.875,0.0,1.0,Media\Games\Cards\Classic_8Bit\Faces\7C.tga,Source_PNG\Games\Cards\Classic_8Bit\Faces\7C.png
Classic_8Bit,Classic 8-Bit,True,0,Card,8S,8,Spades,128,128,0.125,0.875,0.0,1.0,Media\Games\Cards\Classic_8Bit\Faces\8S.tga,Source_PNG\Games\Cards\Classic_8Bit\Faces\8S.png
Classic_8Bit,Classic 8-Bit,True,0,Card,8H,8,Hearts,128,128,0.125,0.875,0.0,1.0,Media\Games\Cards\Classic_8Bit\Faces\8H.tga,Source_PNG\Games\Cards\Classic_8Bit\Faces\8H.png
Classic_8Bit,Classic 8-Bit,True,0,Card,8D,8,Diamonds,128,128,0.125,0.875,0.0,1.0,Media\Games\Cards\Classic_8Bit\Faces\8D.tga,Source_PNG\Games\Cards\Classic_8Bit\Faces\8D.png
Classic_8Bit,Classic 8-Bit,True,0,Card,8C,8,Clubs,128,128,0.125,0.875,0.0,1.0,Media\Games\Cards\Classic_8Bit\Faces\8C.tga,Source_PNG\Games\Cards\Classic_8Bit\Faces\8C.png
Classic_8Bit,Classic 8-Bit,True,0,Card,9S,9,Spades,128,128,0.125,0.875,0.0,1.0,Media\Games\Cards\Classic_8Bit\Faces\9S.tga,Source_PNG\Games\Cards\Classic_8Bit\Faces\9S.png
Classic_8Bit,Classic 8-Bit,True,0,Card,9H,9,Hearts,128,128,0.125,0.875,0.0,1.0,Media\Games\Cards\Classic_8Bit\Faces\9H.tga,Source_PNG\Games\Cards\Classic_8Bit\Faces\9H.png
Classic_8Bit,Classic 8-Bit,True,0,Card,9D,9,Diamonds,128,128,0.125,0.875,0.0,1.0,Media\Games\Cards\Classic_8Bit\Faces\9D.tga,Source_PNG\Games\Cards\Classic_8Bit\Faces\9D.png
Classic_8Bit,Classic 8-Bit,True,0,Card,9C,9,Clubs,128,128,0.125,0.875,0.0,1.0,Media\Games\Cards\Classic_8Bit\Faces\9C.tga,Source_PNG\Games\Cards\Classic_8Bit\Faces\9C.png
Classic_8Bit,Classic 8-Bit,True,0,Card,10S,10,Spades,128,128,0.125,0.875,0.0,1.0,Media\Games\Cards\Classic_8Bit\Faces\10S.tga,Source_PNG\Games\Cards\Classic_8Bit\Faces\10S.png
Classic_8Bit,Classic 8-Bit,True,0,Card,10H,10,Hearts,128,128,0.125,0.875,0.0,1.0,Media\Games\Cards\Classic_8Bit\Faces\10H.tga,Source_PNG\Games\Cards\Classic_8Bit\Faces\10H.png
Classic_8Bit,Classic 8-Bit,True,0,Card,10D,10,Diamonds,128,128,0.125,0.875,0.0,1.0,Media\Games\Cards\Classic_8Bit\Faces\10D.tga,Source_PNG\Games\Cards\Classic_8Bit\Faces\10D.png
Classic_8Bit,Classic 8-Bit,True,0,Card,10C,10,Clubs,128,128,0.125,0.875,0.0,1.0,Media\Games\Cards\Classic_8Bit\Faces\10C.tga,Source_PNG\Games\Cards\Classic_8Bit\Faces\10C.png
Classic_8Bit,Classic 8-Bit,True,0,Card,JS,J,Spades,128,128,0.125,0.875,0.0,1.0,Media\Games\Cards\Classic_8Bit\Faces\JS.tga,Source_PNG\Games\Cards\Classic_8Bit\Faces\JS.png
Classic_8Bit,Classic 8-Bit,True,0,Card,JH,J,Hearts,128,128,0.125,0.875,0.0,1.0,Media\Games\Cards\Classic_8Bit\Faces\JH.tga,Source_PNG\Games\Cards\Classic_8Bit\Faces\JH.png
Classic_8Bit,Classic 8-Bit,True,0,Card,JD,J,Diamonds,128,128,0.125,0.875,0.0,1.0,Media\Games\Cards\Classic_8Bit\Faces\JD.tga,Source_PNG\Games\Cards\Classic_8Bit\Faces\JD.png
Classic_8Bit,Classic 8-Bit,True,0,Card,JC,J,Clubs,128,128,0.125,0.875,0.0,1.0,Media\Games\Cards\Classic_8Bit\Faces\JC.tga,Source_PNG\Games\Cards\Classic_8Bit\Faces\JC.png
Classic_8Bit,Classic 8-Bit,True,0,Card,QS,Q,Spades,128,128,0.125,0.875,0.0,1.0,Media\Games\Cards\Classic_8Bit\Faces\QS.tga,Source_PNG\Games\Cards\Classic_8Bit\Faces\QS.png
Classic_8Bit,Classic 8-Bit,True,0,Card,QH,Q,Hearts,128,128,0.125,0.875,0.0,1.0,Media\Games\Cards\Classic_8Bit\Faces\QH.tga,Source_PNG\Games\Cards\Classic_8Bit\Faces\QH.png
Classic_8Bit,Classic 8-Bit,True,0,Card,QD,Q,Diamonds,128,128,0.125,0.875,0.0,1.0,Media\Games\Cards\Classic_8Bit\Faces\QD.tga,Source_PNG\Games\Cards\Classic_8Bit\Faces\QD.png
Classic_8Bit,Classic 8-Bit,True,0,Card,QC,Q,Clubs,128,128,0.125,0.875,0.0,1.0,Media\Games\Cards\Classic_8Bit\Faces\QC.tga,Source_PNG\Games\Cards\Classic_8Bit\Faces\QC.png
Classic_8Bit,Classic 8-Bit,True,0,Card,KS,K,Spades,128,128,0.125,0.875,0.0,1.0,Media\Games\Cards\Classic_8Bit\Faces\KS.tga,Source_PNG\Games\Cards\Classic_8Bit\Faces\KS.png
Classic_8Bit,Classic 8-Bit,True,0,Card,KH,K,Hearts,128,128,0.125,0.875,0.0,1.0,Media\Games\Cards\Classic_8Bit\Faces\KH.tga,Source_PNG\Games\Cards\Classic_8Bit\Faces\KH.png
Classic_8Bit,Classic 8-Bit,True,0,Card,KD,K,Diamonds,128,128,0.125,0.875,0.0,1.0,Media\Games\Cards\Classic_8Bit\Faces\KD.tga,Source_PNG\Games\Cards\Classic_8Bit\Faces\KD.png
Classic_8Bit,Classic 8-Bit,True,0,Card,KC,K,Clubs,128,128,0.125,0.875,0.0,1.0,Media\Games\Cards\Classic_8Bit\Faces\KC.tga,Source_PNG\Games\Cards\Classic_8Bit\Faces\KC.png
Classic_8Bit,Classic 8-Bit,True,0,Joker,JOKER1,,,128,128,0.125,0.875,0,1,Media\Games\Cards\Classic_8Bit\Joker_1.tga,Source_PNG\Games\Cards\Classic_8Bit\Joker_1.png
Classic_8Bit,Classic 8-Bit,True,0,Joker,JOKER2,,,128,128,0.125,0.875,0,1,Media\Games\Cards\Classic_8Bit\Joker_2.tga,Source_PNG\Games\Cards\Classic_8Bit\Joker_2.png
Classic_8Bit,Classic 8-Bit,True,0,Back,BACK,,,128,128,0.125,0.875,0,1,Media\Games\Cards\Classic_8Bit\Back.tga,Source_PNG\Games\Cards\Classic_8Bit\Back.png
Classic_8Bit,Classic 8-Bit,True,0,DeckIcon,ICON,,,64,64,0,1,0,1,Media\Games\Cards\Classic_8Bit\DeckIcon.tga,Source_PNG\Games\Cards\Classic_8Bit\DeckIcon.png
Classic_8Bit,Classic 8-Bit,True,0,LockedIcon,LOCKED_ICON,,,64,64,0,1,0,1,Media\Games\Cards\Classic_8Bit\DeckIcon_Locked.tga,Source_PNG\Games\Cards\Classic_8Bit\DeckIcon_Locked.png
Alliance_Vanguard,Alliance Vanguard,False,10,Card,AS,A,Spades,128,128,0.125,0.875,0.0,1.0,Media\Games\Cards\Alliance_Vanguard\Faces\AS.tga,Source_PNG\Games\Cards\Alliance_Vanguard\Faces\AS.png
Alliance_Vanguard,Alliance Vanguard,False,10,Card,AH,A,Hearts,128,128,0.125,0.875,0.0,1.0,Media\Games\Cards\Alliance_Vanguard\Faces\AH.tga,Source_PNG\Games\Cards\Alliance_Vanguard\Faces\AH.png
Alliance_Vanguard,Alliance Vanguard,False,10,Card,AD,A,Diamonds,128,128,0.125,0.875,0.0,1.0,Media\Games\Cards\Alliance_Vanguard\Faces\AD.tga,Source_PNG\Games\Cards\Alliance_Vanguard\Faces\AD.png
Alliance_Vanguard,Alliance Vanguard,False,10,Card,AC,A,Clubs,128,128,0.125,0.875,0.0,1.0,Media\Games\Cards\Alliance_Vanguard\Faces\AC.tga,Source_PNG\Games\Cards\Alliance_Vanguard\Faces\AC.png
Alliance_Vanguard,Alliance Vanguard,False,10,Card,2S,2,Spades,128,128,0.125,0.875,0.0,1.0,Media\Games\Cards\Alliance_Vanguard\Faces\2S.tga,Source_PNG\Games\Cards\Alliance_Vanguard\Faces\2S.png
Alliance_Vanguard,Alliance Vanguard,False,10,Card,2H,2,Hearts,128,128,0.125,0.875,0.0,1.0,Media\Games\Cards\Alliance_Vanguard\Faces\2H.tga,Source_PNG\Games\Cards\Alliance_Vanguard\Faces\2H.png
Alliance_Vanguard,Alliance Vanguard,False,10,Card,2D,2,Diamonds,128,128,0.125,0.875,0.0,1.0,Media\Games\Cards\Alliance_Vanguard\Faces\2D.tga,Source_PNG\Games\Cards\Alliance_Vanguard\Faces\2D.png
Alliance_Vanguard,Alliance Vanguard,False,10,Card,2C,2,Clubs,128,128,0.125,0.875,0.0,1.0,Media\Games\Cards\Alliance_Vanguard\Faces\2C.tga,Source_PNG\Games\Cards\Alliance_Vanguard\Faces\2C.png
Alliance_Vanguard,Alliance Vanguard,False,10,Card,3S,3,Spades,128,128,0.125,0.875,0.0,1.0,Media\Games\Cards\Alliance_Vanguard\Faces\3S.tga,Source_PNG\Games\Cards\Alliance_Vanguard\Faces\3S.png
Alliance_Vanguard,Alliance Vanguard,False,10,Card,3H,3,Hearts,128,128,0.125,0.875,0.0,1.0,Media\Games\Cards\Alliance_Vanguard\Faces\3H.tga,Source_PNG\Games\Cards\Alliance_Vanguard\Faces\3H.png
Alliance_Vanguard,Alliance Vanguard,False,10,Card,3D,3,Diamonds,128,128,0.125,0.875,0.0,1.0,Media\Games\Cards\Alliance_Vanguard\Faces\3D.tga,Source_PNG\Games\Cards\Alliance_Vanguard\Faces\3D.png
Alliance_Vanguard,Alliance Vanguard,False,10,Card,3C,3,Clubs,128,128,0.125,0.875,0.0,1.0,Media\Games\Cards\Alliance_Vanguard\Faces\3C.tga,Source_PNG\Games\Cards\Alliance_Vanguard\Faces\3C.png
Alliance_Vanguard,Alliance Vanguard,False,10,Card,4S,4,Spades,128,128,0.125,0.875,0.0,1.0,Media\Games\Cards\Alliance_Vanguard\Faces\4S.tga,Source_PNG\Games\Cards\Alliance_Vanguard\Faces\4S.png
Alliance_Vanguard,Alliance Vanguard,False,10,Card,4H,4,Hearts,128,128,0.125,0.875,0.0,1.0,Media\Games\Cards\Alliance_Vanguard\Faces\4H.tga,Source_PNG\Games\Cards\Alliance_Vanguard\Faces\4H.png
Alliance_Vanguard,Alliance Vanguard,False,10,Card,4D,4,Diamonds,128,128,0.125,0.875,0.0,1.0,Media\Games\Cards\Alliance_Vanguard\Faces\4D.tga,Source_PNG\Games\Cards\Alliance_Vanguard\Faces\4D.png
Alliance_Vanguard,Alliance Vanguard,False,10,Card,4C,4,Clubs,128,128,0.125,0.875,0.0,1.0,Media\Games\Cards\Alliance_Vanguard\Faces\4C.tga,Source_PNG\Games\Cards\Alliance_Vanguard\Faces\4C.png
Alliance_Vanguard,Alliance Vanguard,False,10,Card,5S,5,Spades,128,128,0.125,0.875,0.0,1.0,Media\Games\Cards\Alliance_Vanguard\Faces\5S.tga,Source_PNG\Games\Cards\Alliance_Vanguard\Faces\5S.png
Alliance_Vanguard,Alliance Vanguard,False,10,Card,5H,5,Hearts,128,128,0.125,0.875,0.0,1.0,Media\Games\Cards\Alliance_Vanguard\Faces\5H.tga,Source_PNG\Games\Cards\Alliance_Vanguard\Faces\5H.png
Alliance_Vanguard,Alliance Vanguard,False,10,Card,5D,5,Diamonds,128,128,0.125,0.875,0.0,1.0,Media\Games\Cards\Alliance_Vanguard\Faces\5D.tga,Source_PNG\Games\Cards\Alliance_Vanguard\Faces\5D.png
Alliance_Vanguard,Alliance Vanguard,False,10,Card,5C,5,Clubs,128,128,0.125,0.875,0.0,1.0,Media\Games\Cards\Alliance_Vanguard\Faces\5C.tga,Source_PNG\Games\Cards\Alliance_Vanguard\Faces\5C.png
Alliance_Vanguard,Alliance Vanguard,False,10,Card,6S,6,Spades,128,128,0.125,0.875,0.0,1.0,Media\Games\Cards\Alliance_Vanguard\Faces\6S.tga,Source_PNG\Games\Cards\Alliance_Vanguard\Faces\6S.png
Alliance_Vanguard,Alliance Vanguard,False,10,Card,6H,6,Hearts,128,128,0.125,0.875,0.0,1.0,Media\Games\Cards\Alliance_Vanguard\Faces\6H.tga,Source_PNG\Games\Cards\Alliance_Vanguard\Faces\6H.png
Alliance_Vanguard,Alliance Vanguard,False,10,Card,6D,6,Diamonds,128,128,0.125,0.875,0.0,1.0,Media\Games\Cards\Alliance_Vanguard\Faces\6D.tga,Source_PNG\Games\Cards\Alliance_Vanguard\Faces\6D.png
Alliance_Vanguard,Alliance Vanguard,False,10,Card,6C,6,Clubs,128,128,0.125,0.875,0.0,1.0,Media\Games\Cards\Alliance_Vanguard\Faces\6C.tga,Source_PNG\Games\Cards\Alliance_Vanguard\Faces\6C.png
Alliance_Vanguard,Alliance Vanguard,False,10,Card,7S,7,Spades,128,128,0.125,0.875,0.0,1.0,Media\Games\Cards\Alliance_Vanguard\Faces\7S.tga,Source_PNG\Games\Cards\Alliance_Vanguard\Faces\7S.png
Alliance_Vanguard,Alliance Vanguard,False,10,Card,7H,7,Hearts,128,128,0.125,0.875,0.0,1.0,Media\Games\Cards\Alliance_Vanguard\Faces\7H.tga,Source_PNG\Games\Cards\Alliance_Vanguard\Faces\7H.png
Alliance_Vanguard,Alliance Vanguard,False,10,Card,7D,7,Diamonds,128,128,0.125,0.875,0.0,1.0,Media\Games\Cards\Alliance_Vanguard\Faces\7D.tga,Source_PNG\Games\Cards\Alliance_Vanguard\Faces\7D.png
Alliance_Vanguard,Alliance Vanguard,False,10,Card,7C,7,Clubs,128,128,0.125,0.875,0.0,1.0,Media\Games\Cards\Alliance_Vanguard\Faces\7C.tga,Source_PNG\Games\Cards\Alliance_Vanguard\Faces\7C.png
Alliance_Vanguard,Alliance Vanguard,False,10,Card,8S,8,Spades,128,128,0.125,0.875,0.0,1.0,Media\Games\Cards\Alliance_Vanguard\Faces\8S.tga,Source_PNG\Games\Cards\Alliance_Vanguard\Faces\8S.png
Alliance_Vanguard,Alliance Vanguard,False,10,Card,8H,8,Hearts,128,128,0.125,0.875,0.0,1.0,Media\Games\Cards\Alliance_Vanguard\Faces\8H.tga,Source_PNG\Games\Cards\Alliance_Vanguard\Faces\8H.png
Alliance_Vanguard,Alliance Vanguard,False,10,Card,8D,8,Diamonds,128,128,0.125,0.875,0.0,1.0,Media\Games\Cards\Alliance_Vanguard\Faces\8D.tga,Source_PNG\Games\Cards\Alliance_Vanguard\Faces\8D.png
Alliance_Vanguard,Alliance Vanguard,False,10,Card,8C,8,Clubs,128,128,0.125,0.875,0.0,1.0,Media\Games\Cards\Alliance_Vanguard\Faces\8C.tga,Source_PNG\Games\Cards\Alliance_Vanguard\Faces\8C.png
Alliance_Vanguard,Alliance Vanguard,False,10,Card,9S,9,Spades,128,128,0.125,0.875,0.0,1.0,Media\Games\Cards\Alliance_Vanguard\Faces\9S.tga,Source_PNG\Games\Cards\Alliance_Vanguard\Faces\9S.png
Alliance_Vanguard,Alliance Vanguard,False,10,Card,9H,9,Hearts,128,128,0.125,0.875,0.0,1.0,Media\Games\Cards\Alliance_Vanguard\Faces\9H.tga,Source_PNG\Games\Cards\Alliance_Vanguard\Faces\9H.png
Alliance_Vanguard,Alliance Vanguard,False,10,Card,9D,9,Diamonds,128,128,0.125,0.875,0.0,1.0,Media\Games\Cards\Alliance_Vanguard\Faces\9D.tga,Source_PNG\Games\Cards\Alliance_Vanguard\Faces\9D.png
Alliance_Vanguard,Alliance Vanguard,False,10,Card,9C,9,Clubs,128,128,0.125,0.875,0.0,1.0,Media\Games\Cards\Alliance_Vanguard\Faces\9C.tga,Source_PNG\Games\Cards\Alliance_Vanguard\Faces\9C.png
Alliance_Vanguard,Alliance Vanguard,False,10,Card,10S,10,Spades,128,128,0.125,0.875,0.0,1.0,Media\Games\Cards\Alliance_Vanguard\Faces\10S.tga,Source_PNG\Games\Cards\Alliance_Vanguard\Faces\10S.png
Alliance_Vanguard,Alliance Vanguard,False,10,Card,10H,10,Hearts,128,128,0.125,0.875,0.0,1.0,Media\Games\Cards\Alliance_Vanguard\Faces\10H.tga,Source_PNG\Games\Cards\Alliance_Vanguard\Faces\10H.png
Alliance_Vanguard,Alliance Vanguard,False,10,Card,10D,10,Diamonds,128,128,0.125,0.875,0.0,1.0,Media\Games\Cards\Alliance_Vanguard\Faces\10D.tga,Source_PNG\Games\Cards\Alliance_Vanguard\Faces\10D.png
Alliance_Vanguard,Alliance Vanguard,False,10,Card,10C,10,Clubs,128,128,0.125,0.875,0.0,1.0,Media\Games\Cards\Alliance_Vanguard\Faces\10C.tga,Source_PNG\Games\Cards\Alliance_Vanguard\Faces\10C.png
Alliance_Vanguard,Alliance Vanguard,False,10,Card,JS,J,Spades,128,128,0.125,0.875,0.0,1.0,Media\Games\Cards\Alliance_Vanguard\Faces\JS.tga,Source_PNG\Games\Cards\Alliance_Vanguard\Faces\JS.png
Alliance_Vanguard,Alliance Vanguard,False,10,Card,JH,J,Hearts,128,128,0.125,0.875,0.0,1.0,Media\Games\Cards\Alliance_Vanguard\Faces\JH.tga,Source_PNG\Games\Cards\Alliance_Vanguard\Faces\JH.png
Alliance_Vanguard,Alliance Vanguard,False,10,Card,JD,J,Diamonds,128,128,0.125,0.875,0.0,1.0,Media\Games\Cards\Alliance_Vanguard\Faces\JD.tga,Source_PNG\Games\Cards\Alliance_Vanguard\Faces\JD.png
Alliance_Vanguard,Alliance Vanguard,False,10,Card,JC,J,Clubs,128,128,0.125,0.875,0.0,1.0,Media\Games\Cards\Alliance_Vanguard\Faces\JC.tga,Source_PNG\Games\Cards\Alliance_Vanguard\Faces\JC.png
Alliance_Vanguard,Alliance Vanguard,False,10,Card,QS,Q,Spades,128,128,0.125,0.875,0.0,1.0,Media\Games\Cards\Alliance_Vanguard\Faces\QS.tga,Source_PNG\Games\Cards\Alliance_Vanguard\Faces\QS.png
Alliance_Vanguard,Alliance Vanguard,False,10,Card,QH,Q,Hearts,128,128,0.125,0.875,0.0,1.0,Media\Games\Cards\Alliance_Vanguard\Faces\QH.tga,Source_PNG\Games\Cards\Alliance_Vanguard\Faces\QH.png
Alliance_Vanguard,Alliance Vanguard,False,10,Card,QD,Q,Diamonds,128,128,0.125,0.875,0.0,1.0,Media\Games\Cards\Alliance_Vanguard\Faces\QD.tga,Source_PNG\Games\Cards\Alliance_Vanguard\Faces\QD.png
Alliance_Vanguard,Alliance Vanguard,False,10,Card,QC,Q,Clubs,128,128,0.125,0.875,0.0,1.0,Media\Games\Cards\Alliance_Vanguard\Faces\QC.tga,Source_PNG\Games\Cards\Alliance_Vanguard\Faces\QC.png
Alliance_Vanguard,Alliance Vanguard,False,10,Card,KS,K,Spades,128,128,0.125,0.875,0.0,1.0,Media\Games\Cards\Alliance_Vanguard\Faces\KS.tga,Source_PNG\Games\Cards\Alliance_Vanguard\Faces\KS.png
Alliance_Vanguard,Alliance Vanguard,False,10,Card,KH,K,Hearts,128,128,0.125,0.875,0.0,1.0,Media\Games\Cards\Alliance_Vanguard\Faces\KH.tga,Source_PNG\Games\Cards\Alliance_Vanguard\Faces\KH.png
Alliance_Vanguard,Alliance Vanguard,False,10,Card,KD,K,Diamonds,128,128,0.125,0.875,0.0,1.0,Media\Games\Cards\Alliance_Vanguard\Faces\KD.tga,Source_PNG\Games\Cards\Alliance_Vanguard\Faces\KD.png
Alliance_Vanguard,Alliance Vanguard,False,10,Card,KC,K,Clubs,128,128,0.125,0.875,0.0,1.0,Media\Games\Cards\Alliance_Vanguard\Faces\KC.tga,Source_PNG\Games\Cards\Alliance_Vanguard\Faces\KC.png
Alliance_Vanguard,Alliance Vanguard,False,10,Joker,JOKER1,,,128,128,0.125,0.875,0,1,Media\Games\Cards\Alliance_Vanguard\Joker_1.tga,Source_PNG\Games\Cards\Alliance_Vanguard\Joker_1.png
Alliance_Vanguard,Alliance Vanguard,False,10,Joker,JOKER2,,,128,128,0.125,0.875,0,1,Media\Games\Cards\Alliance_Vanguard\Joker_2.tga,Source_PNG\Games\Cards\Alliance_Vanguard\Joker_2.png
Alliance_Vanguard,Alliance Vanguard,False,10,Back,BACK,,,128,128,0.125,0.875,0,1,Media\Games\Cards\Alliance_Vanguard\Back.tga,Source_PNG\Games\Cards\Alliance_Vanguard\Back.png
Alliance_Vanguard,Alliance Vanguard,False,10,DeckIcon,ICON,,,64,64,0,1,0,1,Media\Games\Cards\Alliance_Vanguard\DeckIcon.tga,Source_PNG\Games\Cards\Alliance_Vanguard\DeckIcon.png
Alliance_Vanguard,Alliance Vanguard,False,10,LockedIcon,LOCKED_ICON,,,64,64,0,1,0,1,Media\Games\Cards\Alliance_Vanguard\DeckIcon_Locked.tga,Source_PNG\Games\Cards\Alliance_Vanguard\DeckIcon_Locked.png
Horde_Warband,Horde Warband,False,25,Card,AS,A,Spades,128,128,0.125,0.875,0.0,1.0,Media\Games\Cards\Horde_Warband\Faces\AS.tga,Source_PNG\Games\Cards\Horde_Warband\Faces\AS.png
Horde_Warband,Horde Warband,False,25,Card,AH,A,Hearts,128,128,0.125,0.875,0.0,1.0,Media\Games\Cards\Horde_Warband\Faces\AH.tga,Source_PNG\Games\Cards\Horde_Warband\Faces\AH.png
Horde_Warband,Horde Warband,False,25,Card,AD,A,Diamonds,128,128,0.125,0.875,0.0,1.0,Media\Games\Cards\Horde_Warband\Faces\AD.tga,Source_PNG\Games\Cards\Horde_Warband\Faces\AD.png
Horde_Warband,Horde Warband,False,25,Card,AC,A,Clubs,128,128,0.125,0.875,0.0,1.0,Media\Games\Cards\Horde_Warband\Faces\AC.tga,Source_PNG\Games\Cards\Horde_Warband\Faces\AC.png
Horde_Warband,Horde Warband,False,25,Card,2S,2,Spades,128,128,0.125,0.875,0.0,1.0,Media\Games\Cards\Horde_Warband\Faces\2S.tga,Source_PNG\Games\Cards\Horde_Warband\Faces\2S.png
Horde_Warband,Horde Warband,False,25,Card,2H,2,Hearts,128,128,0.125,0.875,0.0,1.0,Media\Games\Cards\Horde_Warband\Faces\2H.tga,Source_PNG\Games\Cards\Horde_Warband\Faces\2H.png
Horde_Warband,Horde Warband,False,25,Card,2D,2,Diamonds,128,128,0.125,0.875,0.0,1.0,Media\Games\Cards\Horde_Warband\Faces\2D.tga,Source_PNG\Games\Cards\Horde_Warband\Faces\2D.png
Horde_Warband,Horde Warband,False,25,Card,2C,2,Clubs,128,128,0.125,0.875,0.0,1.0,Media\Games\Cards\Horde_Warband\Faces\2C.tga,Source_PNG\Games\Cards\Horde_Warband\Faces\2C.png
Horde_Warband,Horde Warband,False,25,Card,3S,3,Spades,128,128,0.125,0.875,0.0,1.0,Media\Games\Cards\Horde_Warband\Faces\3S.tga,Source_PNG\Games\Cards\Horde_Warband\Faces\3S.png
Horde_Warband,Horde Warband,False,25,Card,3H,3,Hearts,128,128,0.125,0.875,0.0,1.0,Media\Games\Cards\Horde_Warband\Faces\3H.tga,Source_PNG\Games\Cards\Horde_Warband\Faces\3H.png
Horde_Warband,Horde Warband,False,25,Card,3D,3,Diamonds,128,128,0.125,0.875,0.0,1.0,Media\Games\Cards\Horde_Warband\Faces\3D.tga,Source_PNG\Games\Cards\Horde_Warband\Faces\3D.png
Horde_Warband,Horde Warband,False,25,Card,3C,3,Clubs,128,128,0.125,0.875,0.0,1.0,Media\Games\Cards\Horde_Warband\Faces\3C.tga,Source_PNG\Games\Cards\Horde_Warband\Faces\3C.png
Horde_Warband,Horde Warband,False,25,Card,4S,4,Spades,128,128,0.125,0.875,0.0,1.0,Media\Games\Cards\Horde_Warband\Faces\4S.tga,Source_PNG\Games\Cards\Horde_Warband\Faces\4S.png
Horde_Warband,Horde Warband,False,25,Card,4H,4,Hearts,128,128,0.125,0.875,0.0,1.0,Media\Games\Cards\Horde_Warband\Faces\4H.tga,Source_PNG\Games\Cards\Horde_Warband\Faces\4H.png
Horde_Warband,Horde Warband,False,25,Card,4D,4,Diamonds,128,128,0.125,0.875,0.0,1.0,Media\Games\Cards\Horde_Warband\Faces\4D.tga,Source_PNG\Games\Cards\Horde_Warband\Faces\4D.png
Horde_Warband,Horde Warband,False,25,Card,4C,4,Clubs,128,128,0.125,0.875,0.0,1.0,Media\Games\Cards\Horde_Warband\Faces\4C.tga,Source_PNG\Games\Cards\Horde_Warband\Faces\4C.png
Horde_Warband,Horde Warband,False,25,Card,5S,5,Spades,128,128,0.125,0.875,0.0,1.0,Media\Games\Cards\Horde_Warband\Faces\5S.tga,Source_PNG\Games\Cards\Horde_Warband\Faces\5S.png
Horde_Warband,Horde Warband,False,25,Card,5H,5,Hearts,128,128,0.125,0.875,0.0,1.0,Media\Games\Cards\Horde_Warband\Faces\5H.tga,Source_PNG\Games\Cards\Horde_Warband\Faces\5H.png
Horde_Warband,Horde Warband,False,25,Card,5D,5,Diamonds,128,128,0.125,0.875,0.0,1.0,Media\Games\Cards\Horde_Warband\Faces\5D.tga,Source_PNG\Games\Cards\Horde_Warband\Faces\5D.png
Horde_Warband,Horde Warband,False,25,Card,5C,5,Clubs,128,128,0.125,0.875,0.0,1.0,Media\Games\Cards\Horde_Warband\Faces\5C.tga,Source_PNG\Games\Cards\Horde_Warband\Faces\5C.png
Horde_Warband,Horde Warband,False,25,Card,6S,6,Spades,128,128,0.125,0.875,0.0,1.0,Media\Games\Cards\Horde_Warband\Faces\6S.tga,Source_PNG\Games\Cards\Horde_Warband\Faces\6S.png
Horde_Warband,Horde Warband,False,25,Card,6H,6,Hearts,128,128,0.125,0.875,0.0,1.0,Media\Games\Cards\Horde_Warband\Faces\6H.tga,Source_PNG\Games\Cards\Horde_Warband\Faces\6H.png
Horde_Warband,Horde Warband,False,25,Card,6D,6,Diamonds,128,128,0.125,0.875,0.0,1.0,Media\Games\Cards\Horde_Warband\Faces\6D.tga,Source_PNG\Games\Cards\Horde_Warband\Faces\6D.png
Horde_Warband,Horde Warband,False,25,Card,6C,6,Clubs,128,128,0.125,0.875,0.0,1.0,Media\Games\Cards\Horde_Warband\Faces\6C.tga,Source_PNG\Games\Cards\Horde_Warband\Faces\6C.png
Horde_Warband,Horde Warband,False,25,Card,7S,7,Spades,128,128,0.125,0.875,0.0,1.0,Media\Games\Cards\Horde_Warband\Faces\7S.tga,Source_PNG\Games\Cards\Horde_Warband\Faces\7S.png
Horde_Warband,Horde Warband,False,25,Card,7H,7,Hearts,128,128,0.125,0.875,0.0,1.0,Media\Games\Cards\Horde_Warband\Faces\7H.tga,Source_PNG\Games\Cards\Horde_Warband\Faces\7H.png
Horde_Warband,Horde Warband,False,25,Card,7D,7,Diamonds,128,128,0.125,0.875,0.0,1.0,Media\Games\Cards\Horde_Warband\Faces\7D.tga,Source_PNG\Games\Cards\Horde_Warband\Faces\7D.png
Horde_Warband,Horde Warband,False,25,Card,7C,7,Clubs,128,128,0.125,0.875,0.0,1.0,Media\Games\Cards\Horde_Warband\Faces\7C.tga,Source_PNG\Games\Cards\Horde_Warband\Faces\7C.png
Horde_Warband,Horde Warband,False,25,Card,8S,8,Spades,128,128,0.125,0.875,0.0,1.0,Media\Games\Cards\Horde_Warband\Faces\8S.tga,Source_PNG\Games\Cards\Horde_Warband\Faces\8S.png
Horde_Warband,Horde Warband,False,25,Card,8H,8,Hearts,128,128,0.125,0.875,0.0,1.0,Media\Games\Cards\Horde_Warband\Faces\8H.tga,Source_PNG\Games\Cards\Horde_Warband\Faces\8H.png
Horde_Warband,Horde Warband,False,25,Card,8D,8,Diamonds,128,128,0.125,0.875,0.0,1.0,Media\Games\Cards\Horde_Warband\Faces\8D.tga,Source_PNG\Games\Cards\Horde_Warband\Faces\8D.png
Horde_Warband,Horde Warband,False,25,Card,8C,8,Clubs,128,128,0.125,0.875,0.0,1.0,Media\Games\Cards\Horde_Warband\Faces\8C.tga,Source_PNG\Games\Cards\Horde_Warband\Faces\8C.png
Horde_Warband,Horde Warband,False,25,Card,9S,9,Spades,128,128,0.125,0.875,0.0,1.0,Media\Games\Cards\Horde_Warband\Faces\9S.tga,Source_PNG\Games\Cards\Horde_Warband\Faces\9S.png
Horde_Warband,Horde Warband,False,25,Card,9H,9,Hearts,128,128,0.125,0.875,0.0,1.0,Media\Games\Cards\Horde_Warband\Faces\9H.tga,Source_PNG\Games\Cards\Horde_Warband\Faces\9H.png
Horde_Warband,Horde Warband,False,25,Card,9D,9,Diamonds,128,128,0.125,0.875,0.0,1.0,Media\Games\Cards\Horde_Warband\Faces\9D.tga,Source_PNG\Games\Cards\Horde_Warband\Faces\9D.png
Horde_Warband,Horde Warband,False,25,Card,9C,9,Clubs,128,128,0.125,0.875,0.0,1.0,Media\Games\Cards\Horde_Warband\Faces\9C.tga,Source_PNG\Games\Cards\Horde_Warband\Faces\9C.png
Horde_Warband,Horde Warband,False,25,Card,10S,10,Spades,128,128,0.125,0.875,0.0,1.0,Media\Games\Cards\Horde_Warband\Faces\10S.tga,Source_PNG\Games\Cards\Horde_Warband\Faces\10S.png
Horde_Warband,Horde Warband,False,25,Card,10H,10,Hearts,128,128,0.125,0.875,0.0,1.0,Media\Games\Cards\Horde_Warband\Faces\10H.tga,Source_PNG\Games\Cards\Horde_Warband\Faces\10H.png
Horde_Warband,Horde Warband,False,25,Card,10D,10,Diamonds,128,128,0.125,0.875,0.0,1.0,Media\Games\Cards\Horde_Warband\Faces\10D.tga,Source_PNG\Games\Cards\Horde_Warband\Faces\10D.png
Horde_Warband,Horde Warband,False,25,Card,10C,10,Clubs,128,128,0.125,0.875,0.0,1.0,Media\Games\Cards\Horde_Warband\Faces\10C.tga,Source_PNG\Games\Cards\Horde_Warband\Faces\10C.png
Horde_Warband,Horde Warband,False,25,Card,JS,J,Spades,128,128,0.125,0.875,0.0,1.0,Media\Games\Cards\Horde_Warband\Faces\JS.tga,Source_PNG\Games\Cards\Horde_Warband\Faces\JS.png
Horde_Warband,Horde Warband,False,25,Card,JH,J,Hearts,128,128,0.125,0.875,0.0,1.0,Media\Games\Cards\Horde_Warband\Faces\JH.tga,Source_PNG\Games\Cards\Horde_Warband\Faces\JH.png
Horde_Warband,Horde Warband,False,25,Card,JD,J,Diamonds,128,128,0.125,0.875,0.0,1.0,Media\Games\Cards\Horde_Warband\Faces\JD.tga,Source_PNG\Games\Cards\Horde_Warband\Faces\JD.png
Horde_Warband,Horde Warband,False,25,Card,JC,J,Clubs,128,128,0.125,0.875,0.0,1.0,Media\Games\Cards\Horde_Warband\Faces\JC.tga,Source_PNG\Games\Cards\Horde_Warband\Faces\JC.png
Horde_Warband,Horde Warband,False,25,Card,QS,Q,Spades,128,128,0.125,0.875,0.0,1.0,Media\Games\Cards\Horde_Warband\Faces\QS.tga,Source_PNG\Games\Cards\Horde_Warband\Faces\QS.png
Horde_Warband,Horde Warband,False,25,Card,QH,Q,Hearts,128,128,0.125,0.875,0.0,1.0,Media\Games\Cards\Horde_Warband\Faces\QH.tga,Source_PNG\Games\Cards\Horde_Warband\Faces\QH.png
Horde_Warband,Horde Warband,False,25,Card,QD,Q,Diamonds,128,128,0.125,0.875,0.0,1.0,Media\Games\Cards\Horde_Warband\Faces\QD.tga,Source_PNG\Games\Cards\Horde_Warband\Faces\QD.png
Horde_Warband,Horde Warband,False,25,Card,QC,Q,Clubs,128,128,0.125,0.875,0.0,1.0,Media\Games\Cards\Horde_Warband\Faces\QC.tga,Source_PNG\Games\Cards\Horde_Warband\Faces\QC.png
Horde_Warband,Horde Warband,False,25,Card,KS,K,Spades,128,128,0.125,0.875,0.0,1.0,Media\Games\Cards\Horde_Warband\Faces\KS.tga,Source_PNG\Games\Cards\Horde_Warband\Faces\KS.png
Horde_Warband,Horde Warband,False,25,Card,KH,K,Hearts,128,128,0.125,0.875,0.0,1.0,Media\Games\Cards\Horde_Warband\Faces\KH.tga,Source_PNG\Games\Cards\Horde_Warband\Faces\KH.png
Horde_Warband,Horde Warband,False,25,Card,KD,K,Diamonds,128,128,0.125,0.875,0.0,1.0,Media\Games\Cards\Horde_Warband\Faces\KD.tga,Source_PNG\Games\Cards\Horde_Warband\Faces\KD.png
Horde_Warband,Horde Warband,False,25,Card,KC,K,Clubs,128,128,0.125,0.875,0.0,1.0,Media\Games\Cards\Horde_Warband\Faces\KC.tga,Source_PNG\Games\Cards\Horde_Warband\Faces\KC.png
Horde_Warband,Horde Warband,False,25,Joker,JOKER1,,,128,128,0.125,0.875,0,1,Media\Games\Cards\Horde_Warband\Joker_1.tga,Source_PNG\Games\Cards\Horde_Warband\Joker_1.png
Horde_Warband,Horde Warband,False,25,Joker,JOKER2,,,128,128,0.125,0.875,0,1,Media\Games\Cards\Horde_Warband\Joker_2.tga,Source_PNG\Games\Cards\Horde_Warband\Joker_2.png
Horde_Warband,Horde Warband,False,25,Back,BACK,,,128,128,0.125,0.875,0,1,Media\Games\Cards\Horde_Warband\Back.tga,Source_PNG\Games\Cards\Horde_Warband\Back.png
Horde_Warband,Horde Warband,False,25,DeckIcon,ICON,,,64,64,0,1,0,1,Media\Games\Cards\Horde_Warband\DeckIcon.tga,Source_PNG\Games\Cards\Horde_Warband\DeckIcon.png
Horde_Warband,Horde Warband,False,25,LockedIcon,LOCKED_ICON,,,64,64,0,1,0,1,Media\Games\Cards\Horde_Warband\DeckIcon_Locked.tga,Source_PNG\Games\Cards\Horde_Warband\DeckIcon_Locked.png
Fel_Crusade,Fel Crusade,False,40,Card,AS,A,Spades,128,128,0.125,0.875,0.0,1.0,Media\Games\Cards\Fel_Crusade\Faces\AS.tga,Source_PNG\Games\Cards\Fel_Crusade\Faces\AS.png
Fel_Crusade,Fel Crusade,False,40,Card,AH,A,Hearts,128,128,0.125,0.875,0.0,1.0,Media\Games\Cards\Fel_Crusade\Faces\AH.tga,Source_PNG\Games\Cards\Fel_Crusade\Faces\AH.png
Fel_Crusade,Fel Crusade,False,40,Card,AD,A,Diamonds,128,128,0.125,0.875,0.0,1.0,Media\Games\Cards\Fel_Crusade\Faces\AD.tga,Source_PNG\Games\Cards\Fel_Crusade\Faces\AD.png
Fel_Crusade,Fel Crusade,False,40,Card,AC,A,Clubs,128,128,0.125,0.875,0.0,1.0,Media\Games\Cards\Fel_Crusade\Faces\AC.tga,Source_PNG\Games\Cards\Fel_Crusade\Faces\AC.png
Fel_Crusade,Fel Crusade,False,40,Card,2S,2,Spades,128,128,0.125,0.875,0.0,1.0,Media\Games\Cards\Fel_Crusade\Faces\2S.tga,Source_PNG\Games\Cards\Fel_Crusade\Faces\2S.png
Fel_Crusade,Fel Crusade,False,40,Card,2H,2,Hearts,128,128,0.125,0.875,0.0,1.0,Media\Games\Cards\Fel_Crusade\Faces\2H.tga,Source_PNG\Games\Cards\Fel_Crusade\Faces\2H.png
Fel_Crusade,Fel Crusade,False,40,Card,2D,2,Diamonds,128,128,0.125,0.875,0.0,1.0,Media\Games\Cards\Fel_Crusade\Faces\2D.tga,Source_PNG\Games\Cards\Fel_Crusade\Faces\2D.png
Fel_Crusade,Fel Crusade,False,40,Card,2C,2,Clubs,128,128,0.125,0.875,0.0,1.0,Media\Games\Cards\Fel_Crusade\Faces\2C.tga,Source_PNG\Games\Cards\Fel_Crusade\Faces\2C.png
Fel_Crusade,Fel Crusade,False,40,Card,3S,3,Spades,128,128,0.125,0.875,0.0,1.0,Media\Games\Cards\Fel_Crusade\Faces\3S.tga,Source_PNG\Games\Cards\Fel_Crusade\Faces\3S.png
Fel_Crusade,Fel Crusade,False,40,Card,3H,3,Hearts,128,128,0.125,0.875,0.0,1.0,Media\Games\Cards\Fel_Crusade\Faces\3H.tga,Source_PNG\Games\Cards\Fel_Crusade\Faces\3H.png
Fel_Crusade,Fel Crusade,False,40,Card,3D,3,Diamonds,128,128,0.125,0.875,0.0,1.0,Media\Games\Cards\Fel_Crusade\Faces\3D.tga,Source_PNG\Games\Cards\Fel_Crusade\Faces\3D.png
Fel_Crusade,Fel Crusade,False,40,Card,3C,3,Clubs,128,128,0.125,0.875,0.0,1.0,Media\Games\Cards\Fel_Crusade\Faces\3C.tga,Source_PNG\Games\Cards\Fel_Crusade\Faces\3C.png
Fel_Crusade,Fel Crusade,False,40,Card,4S,4,Spades,128,128,0.125,0.875,0.0,1.0,Media\Games\Cards\Fel_Crusade\Faces\4S.tga,Source_PNG\Games\Cards\Fel_Crusade\Faces\4S.png
Fel_Crusade,Fel Crusade,False,40,Card,4H,4,Hearts,128,128,0.125,0.875,0.0,1.0,Media\Games\Cards\Fel_Crusade\Faces\4H.tga,Source_PNG\Games\Cards\Fel_Crusade\Faces\4H.png
Fel_Crusade,Fel Crusade,False,40,Card,4D,4,Diamonds,128,128,0.125,0.875,0.0,1.0,Media\Games\Cards\Fel_Crusade\Faces\4D.tga,Source_PNG\Games\Cards\Fel_Crusade\Faces\4D.png
Fel_Crusade,Fel Crusade,False,40,Card,4C,4,Clubs,128,128,0.125,0.875,0.0,1.0,Media\Games\Cards\Fel_Crusade\Faces\4C.tga,Source_PNG\Games\Cards\Fel_Crusade\Faces\4C.png
Fel_Crusade,Fel Crusade,False,40,Card,5S,5,Spades,128,128,0.125,0.875,0.0,1.0,Media\Games\Cards\Fel_Crusade\Faces\5S.tga,Source_PNG\Games\Cards\Fel_Crusade\Faces\5S.png
Fel_Crusade,Fel Crusade,False,40,Card,5H,5,Hearts,128,128,0.125,0.875,0.0,1.0,Media\Games\Cards\Fel_Crusade\Faces\5H.tga,Source_PNG\Games\Cards\Fel_Crusade\Faces\5H.png
Fel_Crusade,Fel Crusade,False,40,Card,5D,5,Diamonds,128,128,0.125,0.875,0.0,1.0,Media\Games\Cards\Fel_Crusade\Faces\5D.tga,Source_PNG\Games\Cards\Fel_Crusade\Faces\5D.png
Fel_Crusade,Fel Crusade,False,40,Card,5C,5,Clubs,128,128,0.125,0.875,0.0,1.0,Media\Games\Cards\Fel_Crusade\Faces\5C.tga,Source_PNG\Games\Cards\Fel_Crusade\Faces\5C.png
Fel_Crusade,Fel Crusade,False,40,Card,6S,6,Spades,128,128,0.125,0.875,0.0,1.0,Media\Games\Cards\Fel_Crusade\Faces\6S.tga,Source_PNG\Games\Cards\Fel_Crusade\Faces\6S.png
Fel_Crusade,Fel Crusade,False,40,Card,6H,6,Hearts,128,128,0.125,0.875,0.0,1.0,Media\Games\Cards\Fel_Crusade\Faces\6H.tga,Source_PNG\Games\Cards\Fel_Crusade\Faces\6H.png
Fel_Crusade,Fel Crusade,False,40,Card,6D,6,Diamonds,128,128,0.125,0.875,0.0,1.0,Media\Games\Cards\Fel_Crusade\Faces\6D.tga,Source_PNG\Games\Cards\Fel_Crusade\Faces\6D.png
Fel_Crusade,Fel Crusade,False,40,Card,6C,6,Clubs,128,128,0.125,0.875,0.0,1.0,Media\Games\Cards\Fel_Crusade\Faces\6C.tga,Source_PNG\Games\Cards\Fel_Crusade\Faces\6C.png
Fel_Crusade,Fel Crusade,False,40,Card,7S,7,Spades,128,128,0.125,0.875,0.0,1.0,Media\Games\Cards\Fel_Crusade\Faces\7S.tga,Source_PNG\Games\Cards\Fel_Crusade\Faces\7S.png
Fel_Crusade,Fel Crusade,False,40,Card,7H,7,Hearts,128,128,0.125,0.875,0.0,1.0,Media\Games\Cards\Fel_Crusade\Faces\7H.tga,Source_PNG\Games\Cards\Fel_Crusade\Faces\7H.png
Fel_Crusade,Fel Crusade,False,40,Card,7D,7,Diamonds,128,128,0.125,0.875,0.0,1.0,Media\Games\Cards\Fel_Crusade\Faces\7D.tga,Source_PNG\Games\Cards\Fel_Crusade\Faces\7D.png
Fel_Crusade,Fel Crusade,False,40,Card,7C,7,Clubs,128,128,0.125,0.875,0.0,1.0,Media\Games\Cards\Fel_Crusade\Faces\7C.tga,Source_PNG\Games\Cards\Fel_Crusade\Faces\7C.png
Fel_Crusade,Fel Crusade,False,40,Card,8S,8,Spades,128,128,0.125,0.875,0.0,1.0,Media\Games\Cards\Fel_Crusade\Faces\8S.tga,Source_PNG\Games\Cards\Fel_Crusade\Faces\8S.png
Fel_Crusade,Fel Crusade,False,40,Card,8H,8,Hearts,128,128,0.125,0.875,0.0,1.0,Media\Games\Cards\Fel_Crusade\Faces\8H.tga,Source_PNG\Games\Cards\Fel_Crusade\Faces\8H.png
Fel_Crusade,Fel Crusade,False,40,Card,8D,8,Diamonds,128,128,0.125,0.875,0.0,1.0,Media\Games\Cards\Fel_Crusade\Faces\8D.tga,Source_PNG\Games\Cards\Fel_Crusade\Faces\8D.png
Fel_Crusade,Fel Crusade,False,40,Card,8C,8,Clubs,128,128,0.125,0.875,0.0,1.0,Media\Games\Cards\Fel_Crusade\Faces\8C.tga,Source_PNG\Games\Cards\Fel_Crusade\Faces\8C.png
Fel_Crusade,Fel Crusade,False,40,Card,9S,9,Spades,128,128,0.125,0.875,0.0,1.0,Media\Games\Cards\Fel_Crusade\Faces\9S.tga,Source_PNG\Games\Cards\Fel_Crusade\Faces\9S.png
Fel_Crusade,Fel Crusade,False,40,Card,9H,9,Hearts,128,128,0.125,0.875,0.0,1.0,Media\Games\Cards\Fel_Crusade\Faces\9H.tga,Source_PNG\Games\Cards\Fel_Crusade\Faces\9H.png
Fel_Crusade,Fel Crusade,False,40,Card,9D,9,Diamonds,128,128,0.125,0.875,0.0,1.0,Media\Games\Cards\Fel_Crusade\Faces\9D.tga,Source_PNG\Games\Cards\Fel_Crusade\Faces\9D.png
Fel_Crusade,Fel Crusade,False,40,Card,9C,9,Clubs,128,128,0.125,0.875,0.0,1.0,Media\Games\Cards\Fel_Crusade\Faces\9C.tga,Source_PNG\Games\Cards\Fel_Crusade\Faces\9C.png
Fel_Crusade,Fel Crusade,False,40,Card,10S,10,Spades,128,128,0.125,0.875,0.0,1.0,Media\Games\Cards\Fel_Crusade\Faces\10S.tga,Source_PNG\Games\Cards\Fel_Crusade\Faces\10S.png
Fel_Crusade,Fel Crusade,False,40,Card,10H,10,Hearts,128,128,0.125,0.875,0.0,1.0,Media\Games\Cards\Fel_Crusade\Faces\10H.tga,Source_PNG\Games\Cards\Fel_Crusade\Faces\10H.png
Fel_Crusade,Fel Crusade,False,40,Card,10D,10,Diamonds,128,128,0.125,0.875,0.0,1.0,Media\Games\Cards\Fel_Crusade\Faces\10D.tga,Source_PNG\Games\Cards\Fel_Crusade\Faces\10D.png
Fel_Crusade,Fel Crusade,False,40,Card,10C,10,Clubs,128,128,0.125,0.875,0.0,1.0,Media\Games\Cards\Fel_Crusade\Faces\10C.tga,Source_PNG\Games\Cards\Fel_Crusade\Faces\10C.png
Fel_Crusade,Fel Crusade,False,40,Card,JS,J,Spades,128,128,0.125,0.875,0.0,1.0,Media\Games\Cards\Fel_Crusade\Faces\JS.tga,Source_PNG\Games\Cards\Fel_Crusade\Faces\JS.png
Fel_Crusade,Fel Crusade,False,40,Card,JH,J,Hearts,128,128,0.125,0.875,0.0,1.0,Media\Games\Cards\Fel_Crusade\Faces\JH.tga,Source_PNG\Games\Cards\Fel_Crusade\Faces\JH.png
Fel_Crusade,Fel Crusade,False,40,Card,JD,J,Diamonds,128,128,0.125,0.875,0.0,1.0,Media\Games\Cards\Fel_Crusade\Faces\JD.tga,Source_PNG\Games\Cards\Fel_Crusade\Faces\JD.png
Fel_Crusade,Fel Crusade,False,40,Card,JC,J,Clubs,128,128,0.125,0.875,0.0,1.0,Media\Games\Cards\Fel_Crusade\Faces\JC.tga,Source_PNG\Games\Cards\Fel_Crusade\Faces\JC.png
Fel_Crusade,Fel Crusade,False,40,Card,QS,Q,Spades,128,128,0.125,0.875,0.0,1.0,Media\Games\Cards\Fel_Crusade\Faces\QS.tga,Source_PNG\Games\Cards\Fel_Crusade\Faces\QS.png
Fel_Crusade,Fel Crusade,False,40,Card,QH,Q,Hearts,128,128,0.125,0.875,0.0,1.0,Media\Games\Cards\Fel_Crusade\Faces\QH.tga,Source_PNG\Games\Cards\Fel_Crusade\Faces\QH.png
Fel_Crusade,Fel Crusade,False,40,Card,QD,Q,Diamonds,128,128,0.125,0.875,0.0,1.0,Media\Games\Cards\Fel_Crusade\Faces\QD.tga,Source_PNG\Games\Cards\Fel_Crusade\Faces\QD.png
Fel_Crusade,Fel Crusade,False,40,Card,QC,Q,Clubs,128,128,0.125,0.875,0.0,1.0,Media\Games\Cards\Fel_Crusade\Faces\QC.tga,Source_PNG\Games\Cards\Fel_Crusade\Faces\QC.png
Fel_Crusade,Fel Crusade,False,40,Card,KS,K,Spades,128,128,0.125,0.875,0.0,1.0,Media\Games\Cards\Fel_Crusade\Faces\KS.tga,Source_PNG\Games\Cards\Fel_Crusade\Faces\KS.png
Fel_Crusade,Fel Crusade,False,40,Card,KH,K,Hearts,128,128,0.125,0.875,0.0,1.0,Media\Games\Cards\Fel_Crusade\Faces\KH.tga,Source_PNG\Games\Cards\Fel_Crusade\Faces\KH.png
Fel_Crusade,Fel Crusade,False,40,Card,KD,K,Diamonds,128,128,0.125,0.875,0.0,1.0,Media\Games\Cards\Fel_Crusade\Faces\KD.tga,Source_PNG\Games\Cards\Fel_Crusade\Faces\KD.png
Fel_Crusade,Fel Crusade,False,40,Card,KC,K,Clubs,128,128,0.125,0.875,0.0,1.0,Media\Games\Cards\Fel_Crusade\Faces\KC.tga,Source_PNG\Games\Cards\Fel_Crusade\Faces\KC.png
Fel_Crusade,Fel Crusade,False,40,Joker,JOKER1,,,128,128,0.125,0.875,0,1,Media\Games\Cards\Fel_Crusade\Joker_1.tga,Source_PNG\Games\Cards\Fel_Crusade\Joker_1.png
Fel_Crusade,Fel Crusade,False,40,Joker,JOKER2,,,128,128,0.125,0.875,0,1,Media\Games\Cards\Fel_Crusade\Joker_2.tga,Source_PNG\Games\Cards\Fel_Crusade\Joker_2.png
Fel_Crusade,Fel Crusade,False,40,Back,BACK,,,128,128,0.125,0.875,0,1,Media\Games\Cards\Fel_Crusade\Back.tga,Source_PNG\Games\Cards\Fel_Crusade\Back.png
Fel_Crusade,Fel Crusade,False,40,DeckIcon,ICON,,,64,64,0,1,0,1,Media\Games\Cards\Fel_Crusade\DeckIcon.tga,Source_PNG\Games\Cards\Fel_Crusade\DeckIcon.png
Fel_Crusade,Fel Crusade,False,40,LockedIcon,LOCKED_ICON,,,64,64,0,1,0,1,Media\Games\Cards\Fel_Crusade\DeckIcon_Locked.tga,Source_PNG\Games\Cards\Fel_Crusade\DeckIcon_Locked.png
Shattrath_Light,Shattrath Light,False,55,Card,AS,A,Spades,128,128,0.125,0.875,0.0,1.0,Media\Games\Cards\Shattrath_Light\Faces\AS.tga,Source_PNG\Games\Cards\Shattrath_Light\Faces\AS.png
Shattrath_Light,Shattrath Light,False,55,Card,AH,A,Hearts,128,128,0.125,0.875,0.0,1.0,Media\Games\Cards\Shattrath_Light\Faces\AH.tga,Source_PNG\Games\Cards\Shattrath_Light\Faces\AH.png
Shattrath_Light,Shattrath Light,False,55,Card,AD,A,Diamonds,128,128,0.125,0.875,0.0,1.0,Media\Games\Cards\Shattrath_Light\Faces\AD.tga,Source_PNG\Games\Cards\Shattrath_Light\Faces\AD.png
Shattrath_Light,Shattrath Light,False,55,Card,AC,A,Clubs,128,128,0.125,0.875,0.0,1.0,Media\Games\Cards\Shattrath_Light\Faces\AC.tga,Source_PNG\Games\Cards\Shattrath_Light\Faces\AC.png
Shattrath_Light,Shattrath Light,False,55,Card,2S,2,Spades,128,128,0.125,0.875,0.0,1.0,Media\Games\Cards\Shattrath_Light\Faces\2S.tga,Source_PNG\Games\Cards\Shattrath_Light\Faces\2S.png
Shattrath_Light,Shattrath Light,False,55,Card,2H,2,Hearts,128,128,0.125,0.875,0.0,1.0,Media\Games\Cards\Shattrath_Light\Faces\2H.tga,Source_PNG\Games\Cards\Shattrath_Light\Faces\2H.png
Shattrath_Light,Shattrath Light,False,55,Card,2D,2,Diamonds,128,128,0.125,0.875,0.0,1.0,Media\Games\Cards\Shattrath_Light\Faces\2D.tga,Source_PNG\Games\Cards\Shattrath_Light\Faces\2D.png
Shattrath_Light,Shattrath Light,False,55,Card,2C,2,Clubs,128,128,0.125,0.875,0.0,1.0,Media\Games\Cards\Shattrath_Light\Faces\2C.tga,Source_PNG\Games\Cards\Shattrath_Light\Faces\2C.png
Shattrath_Light,Shattrath Light,False,55,Card,3S,3,Spades,128,128,0.125,0.875,0.0,1.0,Media\Games\Cards\Shattrath_Light\Faces\3S.tga,Source_PNG\Games\Cards\Shattrath_Light\Faces\3S.png
Shattrath_Light,Shattrath Light,False,55,Card,3H,3,Hearts,128,128,0.125,0.875,0.0,1.0,Media\Games\Cards\Shattrath_Light\Faces\3H.tga,Source_PNG\Games\Cards\Shattrath_Light\Faces\3H.png
Shattrath_Light,Shattrath Light,False,55,Card,3D,3,Diamonds,128,128,0.125,0.875,0.0,1.0,Media\Games\Cards\Shattrath_Light\Faces\3D.tga,Source_PNG\Games\Cards\Shattrath_Light\Faces\3D.png
Shattrath_Light,Shattrath Light,False,55,Card,3C,3,Clubs,128,128,0.125,0.875,0.0,1.0,Media\Games\Cards\Shattrath_Light\Faces\3C.tga,Source_PNG\Games\Cards\Shattrath_Light\Faces\3C.png
Shattrath_Light,Shattrath Light,False,55,Card,4S,4,Spades,128,128,0.125,0.875,0.0,1.0,Media\Games\Cards\Shattrath_Light\Faces\4S.tga,Source_PNG\Games\Cards\Shattrath_Light\Faces\4S.png
Shattrath_Light,Shattrath Light,False,55,Card,4H,4,Hearts,128,128,0.125,0.875,0.0,1.0,Media\Games\Cards\Shattrath_Light\Faces\4H.tga,Source_PNG\Games\Cards\Shattrath_Light\Faces\4H.png
Shattrath_Light,Shattrath Light,False,55,Card,4D,4,Diamonds,128,128,0.125,0.875,0.0,1.0,Media\Games\Cards\Shattrath_Light\Faces\4D.tga,Source_PNG\Games\Cards\Shattrath_Light\Faces\4D.png
Shattrath_Light,Shattrath Light,False,55,Card,4C,4,Clubs,128,128,0.125,0.875,0.0,1.0,Media\Games\Cards\Shattrath_Light\Faces\4C.tga,Source_PNG\Games\Cards\Shattrath_Light\Faces\4C.png
Shattrath_Light,Shattrath Light,False,55,Card,5S,5,Spades,128,128,0.125,0.875,0.0,1.0,Media\Games\Cards\Shattrath_Light\Faces\5S.tga,Source_PNG\Games\Cards\Shattrath_Light\Faces\5S.png
Shattrath_Light,Shattrath Light,False,55,Card,5H,5,Hearts,128,128,0.125,0.875,0.0,1.0,Media\Games\Cards\Shattrath_Light\Faces\5H.tga,Source_PNG\Games\Cards\Shattrath_Light\Faces\5H.png
Shattrath_Light,Shattrath Light,False,55,Card,5D,5,Diamonds,128,128,0.125,0.875,0.0,1.0,Media\Games\Cards\Shattrath_Light\Faces\5D.tga,Source_PNG\Games\Cards\Shattrath_Light\Faces\5D.png
Shattrath_Light,Shattrath Light,False,55,Card,5C,5,Clubs,128,128,0.125,0.875,0.0,1.0,Media\Games\Cards\Shattrath_Light\Faces\5C.tga,Source_PNG\Games\Cards\Shattrath_Light\Faces\5C.png
Shattrath_Light,Shattrath Light,False,55,Card,6S,6,Spades,128,128,0.125,0.875,0.0,1.0,Media\Games\Cards\Shattrath_Light\Faces\6S.tga,Source_PNG\Games\Cards\Shattrath_Light\Faces\6S.png
Shattrath_Light,Shattrath Light,False,55,Card,6H,6,Hearts,128,128,0.125,0.875,0.0,1.0,Media\Games\Cards\Shattrath_Light\Faces\6H.tga,Source_PNG\Games\Cards\Shattrath_Light\Faces\6H.png
Shattrath_Light,Shattrath Light,False,55,Card,6D,6,Diamonds,128,128,0.125,0.875,0.0,1.0,Media\Games\Cards\Shattrath_Light\Faces\6D.tga,Source_PNG\Games\Cards\Shattrath_Light\Faces\6D.png
Shattrath_Light,Shattrath Light,False,55,Card,6C,6,Clubs,128,128,0.125,0.875,0.0,1.0,Media\Games\Cards\Shattrath_Light\Faces\6C.tga,Source_PNG\Games\Cards\Shattrath_Light\Faces\6C.png
Shattrath_Light,Shattrath Light,False,55,Card,7S,7,Spades,128,128,0.125,0.875,0.0,1.0,Media\Games\Cards\Shattrath_Light\Faces\7S.tga,Source_PNG\Games\Cards\Shattrath_Light\Faces\7S.png
Shattrath_Light,Shattrath Light,False,55,Card,7H,7,Hearts,128,128,0.125,0.875,0.0,1.0,Media\Games\Cards\Shattrath_Light\Faces\7H.tga,Source_PNG\Games\Cards\Shattrath_Light\Faces\7H.png
Shattrath_Light,Shattrath Light,False,55,Card,7D,7,Diamonds,128,128,0.125,0.875,0.0,1.0,Media\Games\Cards\Shattrath_Light\Faces\7D.tga,Source_PNG\Games\Cards\Shattrath_Light\Faces\7D.png
Shattrath_Light,Shattrath Light,False,55,Card,7C,7,Clubs,128,128,0.125,0.875,0.0,1.0,Media\Games\Cards\Shattrath_Light\Faces\7C.tga,Source_PNG\Games\Cards\Shattrath_Light\Faces\7C.png
Shattrath_Light,Shattrath Light,False,55,Card,8S,8,Spades,128,128,0.125,0.875,0.0,1.0,Media\Games\Cards\Shattrath_Light\Faces\8S.tga,Source_PNG\Games\Cards\Shattrath_Light\Faces\8S.png
Shattrath_Light,Shattrath Light,False,55,Card,8H,8,Hearts,128,128,0.125,0.875,0.0,1.0,Media\Games\Cards\Shattrath_Light\Faces\8H.tga,Source_PNG\Games\Cards\Shattrath_Light\Faces\8H.png
Shattrath_Light,Shattrath Light,False,55,Card,8D,8,Diamonds,128,128,0.125,0.875,0.0,1.0,Media\Games\Cards\Shattrath_Light\Faces\8D.tga,Source_PNG\Games\Cards\Shattrath_Light\Faces\8D.png
Shattrath_Light,Shattrath Light,False,55,Card,8C,8,Clubs,128,128,0.125,0.875,0.0,1.0,Media\Games\Cards\Shattrath_Light\Faces\8C.tga,Source_PNG\Games\Cards\Shattrath_Light\Faces\8C.png
Shattrath_Light,Shattrath Light,False,55,Card,9S,9,Spades,128,128,0.125,0.875,0.0,1.0,Media\Games\Cards\Shattrath_Light\Faces\9S.tga,Source_PNG\Games\Cards\Shattrath_Light\Faces\9S.png
Shattrath_Light,Shattrath Light,False,55,Card,9H,9,Hearts,128,128,0.125,0.875,0.0,1.0,Media\Games\Cards\Shattrath_Light\Faces\9H.tga,Source_PNG\Games\Cards\Shattrath_Light\Faces\9H.png
Shattrath_Light,Shattrath Light,False,55,Card,9D,9,Diamonds,128,128,0.125,0.875,0.0,1.0,Media\Games\Cards\Shattrath_Light\Faces\9D.tga,Source_PNG\Games\Cards\Shattrath_Light\Faces\9D.png
Shattrath_Light,Shattrath Light,False,55,Card,9C,9,Clubs,128,128,0.125,0.875,0.0,1.0,Media\Games\Cards\Shattrath_Light\Faces\9C.tga,Source_PNG\Games\Cards\Shattrath_Light\Faces\9C.png
Shattrath_Light,Shattrath Light,False,55,Card,10S,10,Spades,128,128,0.125,0.875,0.0,1.0,Media\Games\Cards\Shattrath_Light\Faces\10S.tga,Source_PNG\Games\Cards\Shattrath_Light\Faces\10S.png
Shattrath_Light,Shattrath Light,False,55,Card,10H,10,Hearts,128,128,0.125,0.875,0.0,1.0,Media\Games\Cards\Shattrath_Light\Faces\10H.tga,Source_PNG\Games\Cards\Shattrath_Light\Faces\10H.png
Shattrath_Light,Shattrath Light,False,55,Card,10D,10,Diamonds,128,128,0.125,0.875,0.0,1.0,Media\Games\Cards\Shattrath_Light\Faces\10D.tga,Source_PNG\Games\Cards\Shattrath_Light\Faces\10D.png
Shattrath_Light,Shattrath Light,False,55,Card,10C,10,Clubs,128,128,0.125,0.875,0.0,1.0,Media\Games\Cards\Shattrath_Light\Faces\10C.tga,Source_PNG\Games\Cards\Shattrath_Light\Faces\10C.png
Shattrath_Light,Shattrath Light,False,55,Card,JS,J,Spades,128,128,0.125,0.875,0.0,1.0,Media\Games\Cards\Shattrath_Light\Faces\JS.tga,Source_PNG\Games\Cards\Shattrath_Light\Faces\JS.png
Shattrath_Light,Shattrath Light,False,55,Card,JH,J,Hearts,128,128,0.125,0.875,0.0,1.0,Media\Games\Cards\Shattrath_Light\Faces\JH.tga,Source_PNG\Games\Cards\Shattrath_Light\Faces\JH.png
Shattrath_Light,Shattrath Light,False,55,Card,JD,J,Diamonds,128,128,0.125,0.875,0.0,1.0,Media\Games\Cards\Shattrath_Light\Faces\JD.tga,Source_PNG\Games\Cards\Shattrath_Light\Faces\JD.png
Shattrath_Light,Shattrath Light,False,55,Card,JC,J,Clubs,128,128,0.125,0.875,0.0,1.0,Media\Games\Cards\Shattrath_Light\Faces\JC.tga,Source_PNG\Games\Cards\Shattrath_Light\Faces\JC.png
Shattrath_Light,Shattrath Light,False,55,Card,QS,Q,Spades,128,128,0.125,0.875,0.0,1.0,Media\Games\Cards\Shattrath_Light\Faces\QS.tga,Source_PNG\Games\Cards\Shattrath_Light\Faces\QS.png
Shattrath_Light,Shattrath Light,False,55,Card,QH,Q,Hearts,128,128,0.125,0.875,0.0,1.0,Media\Games\Cards\Shattrath_Light\Faces\QH.tga,Source_PNG\Games\Cards\Shattrath_Light\Faces\QH.png
Shattrath_Light,Shattrath Light,False,55,Card,QD,Q,Diamonds,128,128,0.125,0.875,0.0,1.0,Media\Games\Cards\Shattrath_Light\Faces\QD.tga,Source_PNG\Games\Cards\Shattrath_Light\Faces\QD.png
Shattrath_Light,Shattrath Light,False,55,Card,QC,Q,Clubs,128,128,0.125,0.875,0.0,1.0,Media\Games\Cards\Shattrath_Light\Faces\QC.tga,Source_PNG\Games\Cards\Shattrath_Light\Faces\QC.png
Shattrath_Light,Shattrath Light,False,55,Card,KS,K,Spades,128,128,0.125,0.875,0.0,1.0,Media\Games\Cards\Shattrath_Light\Faces\KS.tga,Source_PNG\Games\Cards\Shattrath_Light\Faces\KS.png
Shattrath_Light,Shattrath Light,False,55,Card,KH,K,Hearts,128,128,0.125,0.875,0.0,1.0,Media\Games\Cards\Shattrath_Light\Faces\KH.tga,Source_PNG\Games\Cards\Shattrath_Light\Faces\KH.png
Shattrath_Light,Shattrath Light,False,55,Card,KD,K,Diamonds,128,128,0.125,0.875,0.0,1.0,Media\Games\Cards\Shattrath_Light\Faces\KD.tga,Source_PNG\Games\Cards\Shattrath_Light\Faces\KD.png
Shattrath_Light,Shattrath Light,False,55,Card,KC,K,Clubs,128,128,0.125,0.875,0.0,1.0,Media\Games\Cards\Shattrath_Light\Faces\KC.tga,Source_PNG\Games\Cards\Shattrath_Light\Faces\KC.png
Shattrath_Light,Shattrath Light,False,55,Joker,JOKER1,,,128,128,0.125,0.875,0,1,Media\Games\Cards\Shattrath_Light\Joker_1.tga,Source_PNG\Games\Cards\Shattrath_Light\Joker_1.png
Shattrath_Light,Shattrath Light,False,55,Joker,JOKER2,,,128,128,0.125,0.875,0,1,Media\Games\Cards\Shattrath_Light\Joker_2.tga,Source_PNG\Games\Cards\Shattrath_Light\Joker_2.png
Shattrath_Light,Shattrath Light,False,55,Back,BACK,,,128,128,0.125,0.875,0,1,Media\Games\Cards\Shattrath_Light\Back.tga,Source_PNG\Games\Cards\Shattrath_Light\Back.png
Shattrath_Light,Shattrath Light,False,55,DeckIcon,ICON,,,64,64,0,1,0,1,Media\Games\Cards\Shattrath_Light\DeckIcon.tga,Source_PNG\Games\Cards\Shattrath_Light\DeckIcon.png
Shattrath_Light,Shattrath Light,False,55,LockedIcon,LOCKED_ICON,,,64,64,0,1,0,1,Media\Games\Cards\Shattrath_Light\DeckIcon_Locked.tga,Source_PNG\Games\Cards\Shattrath_Light\DeckIcon_Locked.png
Netherstorm_Arcana,Netherstorm Arcana,False,75,Card,AS,A,Spades,128,128,0.125,0.875,0.0,1.0,Media\Games\Cards\Netherstorm_Arcana\Faces\AS.tga,Source_PNG\Games\Cards\Netherstorm_Arcana\Faces\AS.png
Netherstorm_Arcana,Netherstorm Arcana,False,75,Card,AH,A,Hearts,128,128,0.125,0.875,0.0,1.0,Media\Games\Cards\Netherstorm_Arcana\Faces\AH.tga,Source_PNG\Games\Cards\Netherstorm_Arcana\Faces\AH.png
Netherstorm_Arcana,Netherstorm Arcana,False,75,Card,AD,A,Diamonds,128,128,0.125,0.875,0.0,1.0,Media\Games\Cards\Netherstorm_Arcana\Faces\AD.tga,Source_PNG\Games\Cards\Netherstorm_Arcana\Faces\AD.png
Netherstorm_Arcana,Netherstorm Arcana,False,75,Card,AC,A,Clubs,128,128,0.125,0.875,0.0,1.0,Media\Games\Cards\Netherstorm_Arcana\Faces\AC.tga,Source_PNG\Games\Cards\Netherstorm_Arcana\Faces\AC.png
Netherstorm_Arcana,Netherstorm Arcana,False,75,Card,2S,2,Spades,128,128,0.125,0.875,0.0,1.0,Media\Games\Cards\Netherstorm_Arcana\Faces\2S.tga,Source_PNG\Games\Cards\Netherstorm_Arcana\Faces\2S.png
Netherstorm_Arcana,Netherstorm Arcana,False,75,Card,2H,2,Hearts,128,128,0.125,0.875,0.0,1.0,Media\Games\Cards\Netherstorm_Arcana\Faces\2H.tga,Source_PNG\Games\Cards\Netherstorm_Arcana\Faces\2H.png
Netherstorm_Arcana,Netherstorm Arcana,False,75,Card,2D,2,Diamonds,128,128,0.125,0.875,0.0,1.0,Media\Games\Cards\Netherstorm_Arcana\Faces\2D.tga,Source_PNG\Games\Cards\Netherstorm_Arcana\Faces\2D.png
Netherstorm_Arcana,Netherstorm Arcana,False,75,Card,2C,2,Clubs,128,128,0.125,0.875,0.0,1.0,Media\Games\Cards\Netherstorm_Arcana\Faces\2C.tga,Source_PNG\Games\Cards\Netherstorm_Arcana\Faces\2C.png
Netherstorm_Arcana,Netherstorm Arcana,False,75,Card,3S,3,Spades,128,128,0.125,0.875,0.0,1.0,Media\Games\Cards\Netherstorm_Arcana\Faces\3S.tga,Source_PNG\Games\Cards\Netherstorm_Arcana\Faces\3S.png
Netherstorm_Arcana,Netherstorm Arcana,False,75,Card,3H,3,Hearts,128,128,0.125,0.875,0.0,1.0,Media\Games\Cards\Netherstorm_Arcana\Faces\3H.tga,Source_PNG\Games\Cards\Netherstorm_Arcana\Faces\3H.png
Netherstorm_Arcana,Netherstorm Arcana,False,75,Card,3D,3,Diamonds,128,128,0.125,0.875,0.0,1.0,Media\Games\Cards\Netherstorm_Arcana\Faces\3D.tga,Source_PNG\Games\Cards\Netherstorm_Arcana\Faces\3D.png
Netherstorm_Arcana,Netherstorm Arcana,False,75,Card,3C,3,Clubs,128,128,0.125,0.875,0.0,1.0,Media\Games\Cards\Netherstorm_Arcana\Faces\3C.tga,Source_PNG\Games\Cards\Netherstorm_Arcana\Faces\3C.png
Netherstorm_Arcana,Netherstorm Arcana,False,75,Card,4S,4,Spades,128,128,0.125,0.875,0.0,1.0,Media\Games\Cards\Netherstorm_Arcana\Faces\4S.tga,Source_PNG\Games\Cards\Netherstorm_Arcana\Faces\4S.png
Netherstorm_Arcana,Netherstorm Arcana,False,75,Card,4H,4,Hearts,128,128,0.125,0.875,0.0,1.0,Media\Games\Cards\Netherstorm_Arcana\Faces\4H.tga,Source_PNG\Games\Cards\Netherstorm_Arcana\Faces\4H.png
Netherstorm_Arcana,Netherstorm Arcana,False,75,Card,4D,4,Diamonds,128,128,0.125,0.875,0.0,1.0,Media\Games\Cards\Netherstorm_Arcana\Faces\4D.tga,Source_PNG\Games\Cards\Netherstorm_Arcana\Faces\4D.png
Netherstorm_Arcana,Netherstorm Arcana,False,75,Card,4C,4,Clubs,128,128,0.125,0.875,0.0,1.0,Media\Games\Cards\Netherstorm_Arcana\Faces\4C.tga,Source_PNG\Games\Cards\Netherstorm_Arcana\Faces\4C.png
Netherstorm_Arcana,Netherstorm Arcana,False,75,Card,5S,5,Spades,128,128,0.125,0.875,0.0,1.0,Media\Games\Cards\Netherstorm_Arcana\Faces\5S.tga,Source_PNG\Games\Cards\Netherstorm_Arcana\Faces\5S.png
Netherstorm_Arcana,Netherstorm Arcana,False,75,Card,5H,5,Hearts,128,128,0.125,0.875,0.0,1.0,Media\Games\Cards\Netherstorm_Arcana\Faces\5H.tga,Source_PNG\Games\Cards\Netherstorm_Arcana\Faces\5H.png
Netherstorm_Arcana,Netherstorm Arcana,False,75,Card,5D,5,Diamonds,128,128,0.125,0.875,0.0,1.0,Media\Games\Cards\Netherstorm_Arcana\Faces\5D.tga,Source_PNG\Games\Cards\Netherstorm_Arcana\Faces\5D.png
Netherstorm_Arcana,Netherstorm Arcana,False,75,Card,5C,5,Clubs,128,128,0.125,0.875,0.0,1.0,Media\Games\Cards\Netherstorm_Arcana\Faces\5C.tga,Source_PNG\Games\Cards\Netherstorm_Arcana\Faces\5C.png
Netherstorm_Arcana,Netherstorm Arcana,False,75,Card,6S,6,Spades,128,128,0.125,0.875,0.0,1.0,Media\Games\Cards\Netherstorm_Arcana\Faces\6S.tga,Source_PNG\Games\Cards\Netherstorm_Arcana\Faces\6S.png
Netherstorm_Arcana,Netherstorm Arcana,False,75,Card,6H,6,Hearts,128,128,0.125,0.875,0.0,1.0,Media\Games\Cards\Netherstorm_Arcana\Faces\6H.tga,Source_PNG\Games\Cards\Netherstorm_Arcana\Faces\6H.png
Netherstorm_Arcana,Netherstorm Arcana,False,75,Card,6D,6,Diamonds,128,128,0.125,0.875,0.0,1.0,Media\Games\Cards\Netherstorm_Arcana\Faces\6D.tga,Source_PNG\Games\Cards\Netherstorm_Arcana\Faces\6D.png
Netherstorm_Arcana,Netherstorm Arcana,False,75,Card,6C,6,Clubs,128,128,0.125,0.875,0.0,1.0,Media\Games\Cards\Netherstorm_Arcana\Faces\6C.tga,Source_PNG\Games\Cards\Netherstorm_Arcana\Faces\6C.png
Netherstorm_Arcana,Netherstorm Arcana,False,75,Card,7S,7,Spades,128,128,0.125,0.875,0.0,1.0,Media\Games\Cards\Netherstorm_Arcana\Faces\7S.tga,Source_PNG\Games\Cards\Netherstorm_Arcana\Faces\7S.png
Netherstorm_Arcana,Netherstorm Arcana,False,75,Card,7H,7,Hearts,128,128,0.125,0.875,0.0,1.0,Media\Games\Cards\Netherstorm_Arcana\Faces\7H.tga,Source_PNG\Games\Cards\Netherstorm_Arcana\Faces\7H.png
Netherstorm_Arcana,Netherstorm Arcana,False,75,Card,7D,7,Diamonds,128,128,0.125,0.875,0.0,1.0,Media\Games\Cards\Netherstorm_Arcana\Faces\7D.tga,Source_PNG\Games\Cards\Netherstorm_Arcana\Faces\7D.png
Netherstorm_Arcana,Netherstorm Arcana,False,75,Card,7C,7,Clubs,128,128,0.125,0.875,0.0,1.0,Media\Games\Cards\Netherstorm_Arcana\Faces\7C.tga,Source_PNG\Games\Cards\Netherstorm_Arcana\Faces\7C.png
Netherstorm_Arcana,Netherstorm Arcana,False,75,Card,8S,8,Spades,128,128,0.125,0.875,0.0,1.0,Media\Games\Cards\Netherstorm_Arcana\Faces\8S.tga,Source_PNG\Games\Cards\Netherstorm_Arcana\Faces\8S.png
Netherstorm_Arcana,Netherstorm Arcana,False,75,Card,8H,8,Hearts,128,128,0.125,0.875,0.0,1.0,Media\Games\Cards\Netherstorm_Arcana\Faces\8H.tga,Source_PNG\Games\Cards\Netherstorm_Arcana\Faces\8H.png
Netherstorm_Arcana,Netherstorm Arcana,False,75,Card,8D,8,Diamonds,128,128,0.125,0.875,0.0,1.0,Media\Games\Cards\Netherstorm_Arcana\Faces\8D.tga,Source_PNG\Games\Cards\Netherstorm_Arcana\Faces\8D.png
Netherstorm_Arcana,Netherstorm Arcana,False,75,Card,8C,8,Clubs,128,128,0.125,0.875,0.0,1.0,Media\Games\Cards\Netherstorm_Arcana\Faces\8C.tga,Source_PNG\Games\Cards\Netherstorm_Arcana\Faces\8C.png
Netherstorm_Arcana,Netherstorm Arcana,False,75,Card,9S,9,Spades,128,128,0.125,0.875,0.0,1.0,Media\Games\Cards\Netherstorm_Arcana\Faces\9S.tga,Source_PNG\Games\Cards\Netherstorm_Arcana\Faces\9S.png
Netherstorm_Arcana,Netherstorm Arcana,False,75,Card,9H,9,Hearts,128,128,0.125,0.875,0.0,1.0,Media\Games\Cards\Netherstorm_Arcana\Faces\9H.tga,Source_PNG\Games\Cards\Netherstorm_Arcana\Faces\9H.png
Netherstorm_Arcana,Netherstorm Arcana,False,75,Card,9D,9,Diamonds,128,128,0.125,0.875,0.0,1.0,Media\Games\Cards\Netherstorm_Arcana\Faces\9D.tga,Source_PNG\Games\Cards\Netherstorm_Arcana\Faces\9D.png
Netherstorm_Arcana,Netherstorm Arcana,False,75,Card,9C,9,Clubs,128,128,0.125,0.875,0.0,1.0,Media\Games\Cards\Netherstorm_Arcana\Faces\9C.tga,Source_PNG\Games\Cards\Netherstorm_Arcana\Faces\9C.png
Netherstorm_Arcana,Netherstorm Arcana,False,75,Card,10S,10,Spades,128,128,0.125,0.875,0.0,1.0,Media\Games\Cards\Netherstorm_Arcana\Faces\10S.tga,Source_PNG\Games\Cards\Netherstorm_Arcana\Faces\10S.png
Netherstorm_Arcana,Netherstorm Arcana,False,75,Card,10H,10,Hearts,128,128,0.125,0.875,0.0,1.0,Media\Games\Cards\Netherstorm_Arcana\Faces\10H.tga,Source_PNG\Games\Cards\Netherstorm_Arcana\Faces\10H.png
Netherstorm_Arcana,Netherstorm Arcana,False,75,Card,10D,10,Diamonds,128,128,0.125,0.875,0.0,1.0,Media\Games\Cards\Netherstorm_Arcana\Faces\10D.tga,Source_PNG\Games\Cards\Netherstorm_Arcana\Faces\10D.png
Netherstorm_Arcana,Netherstorm Arcana,False,75,Card,10C,10,Clubs,128,128,0.125,0.875,0.0,1.0,Media\Games\Cards\Netherstorm_Arcana\Faces\10C.tga,Source_PNG\Games\Cards\Netherstorm_Arcana\Faces\10C.png
Netherstorm_Arcana,Netherstorm Arcana,False,75,Card,JS,J,Spades,128,128,0.125,0.875,0.0,1.0,Media\Games\Cards\Netherstorm_Arcana\Faces\JS.tga,Source_PNG\Games\Cards\Netherstorm_Arcana\Faces\JS.png
Netherstorm_Arcana,Netherstorm Arcana,False,75,Card,JH,J,Hearts,128,128,0.125,0.875,0.0,1.0,Media\Games\Cards\Netherstorm_Arcana\Faces\JH.tga,Source_PNG\Games\Cards\Netherstorm_Arcana\Faces\JH.png
Netherstorm_Arcana,Netherstorm Arcana,False,75,Card,JD,J,Diamonds,128,128,0.125,0.875,0.0,1.0,Media\Games\Cards\Netherstorm_Arcana\Faces\JD.tga,Source_PNG\Games\Cards\Netherstorm_Arcana\Faces\JD.png
Netherstorm_Arcana,Netherstorm Arcana,False,75,Card,JC,J,Clubs,128,128,0.125,0.875,0.0,1.0,Media\Games\Cards\Netherstorm_Arcana\Faces\JC.tga,Source_PNG\Games\Cards\Netherstorm_Arcana\Faces\JC.png
Netherstorm_Arcana,Netherstorm Arcana,False,75,Card,QS,Q,Spades,128,128,0.125,0.875,0.0,1.0,Media\Games\Cards\Netherstorm_Arcana\Faces\QS.tga,Source_PNG\Games\Cards\Netherstorm_Arcana\Faces\QS.png
Netherstorm_Arcana,Netherstorm Arcana,False,75,Card,QH,Q,Hearts,128,128,0.125,0.875,0.0,1.0,Media\Games\Cards\Netherstorm_Arcana\Faces\QH.tga,Source_PNG\Games\Cards\Netherstorm_Arcana\Faces\QH.png
Netherstorm_Arcana,Netherstorm Arcana,False,75,Card,QD,Q,Diamonds,128,128,0.125,0.875,0.0,1.0,Media\Games\Cards\Netherstorm_Arcana\Faces\QD.tga,Source_PNG\Games\Cards\Netherstorm_Arcana\Faces\QD.png
Netherstorm_Arcana,Netherstorm Arcana,False,75,Card,QC,Q,Clubs,128,128,0.125,0.875,0.0,1.0,Media\Games\Cards\Netherstorm_Arcana\Faces\QC.tga,Source_PNG\Games\Cards\Netherstorm_Arcana\Faces\QC.png
Netherstorm_Arcana,Netherstorm Arcana,False,75,Card,KS,K,Spades,128,128,0.125,0.875,0.0,1.0,Media\Games\Cards\Netherstorm_Arcana\Faces\KS.tga,Source_PNG\Games\Cards\Netherstorm_Arcana\Faces\KS.png
Netherstorm_Arcana,Netherstorm Arcana,False,75,Card,KH,K,Hearts,128,128,0.125,0.875,0.0,1.0,Media\Games\Cards\Netherstorm_Arcana\Faces\KH.tga,Source_PNG\Games\Cards\Netherstorm_Arcana\Faces\KH.png
Netherstorm_Arcana,Netherstorm Arcana,False,75,Card,KD,K,Diamonds,128,128,0.125,0.875,0.0,1.0,Media\Games\Cards\Netherstorm_Arcana\Faces\KD.tga,Source_PNG\Games\Cards\Netherstorm_Arcana\Faces\KD.png
Netherstorm_Arcana,Netherstorm Arcana,False,75,Card,KC,K,Clubs,128,128,0.125,0.875,0.0,1.0,Media\Games\Cards\Netherstorm_Arcana\Faces\KC.tga,Source_PNG\Games\Cards\Netherstorm_Arcana\Faces\KC.png
Netherstorm_Arcana,Netherstorm Arcana,False,75,Joker,JOKER1,,,128,128,0.125,0.875,0,1,Media\Games\Cards\Netherstorm_Arcana\Joker_1.tga,Source_PNG\Games\Cards\Netherstorm_Arcana\Joker_1.png
Netherstorm_Arcana,Netherstorm Arcana,False,75,Joker,JOKER2,,,128,128,0.125,0.875,0,1,Media\Games\Cards\Netherstorm_Arcana\Joker_2.tga,Source_PNG\Games\Cards\Netherstorm_Arcana\Joker_2.png
Netherstorm_Arcana,Netherstorm Arcana,False,75,Back,BACK,,,128,128,0.125,0.875,0,1,Media\Games\Cards\Netherstorm_Arcana\Back.tga,Source_PNG\Games\Cards\Netherstorm_Arcana\Back.png
Netherstorm_Arcana,Netherstorm Arcana,False,75,DeckIcon,ICON,,,64,64,0,1,0,1,Media\Games\Cards\Netherstorm_Arcana\DeckIcon.tga,Source_PNG\Games\Cards\Netherstorm_Arcana\DeckIcon.png
Netherstorm_Arcana,Netherstorm Arcana,False,75,LockedIcon,LOCKED_ICON,,,64,64,0,1,0,1,Media\Games\Cards\Netherstorm_Arcana\DeckIcon_Locked.tga,Source_PNG\Games\Cards\Netherstorm_Arcana\DeckIcon_Locked.png
Dark_Portal,Dark Portal,False,100,Card,AS,A,Spades,128,128,0.125,0.875,0.0,1.0,Media\Games\Cards\Dark_Portal\Faces\AS.tga,Source_PNG\Games\Cards\Dark_Portal\Faces\AS.png
Dark_Portal,Dark Portal,False,100,Card,AH,A,Hearts,128,128,0.125,0.875,0.0,1.0,Media\Games\Cards\Dark_Portal\Faces\AH.tga,Source_PNG\Games\Cards\Dark_Portal\Faces\AH.png
Dark_Portal,Dark Portal,False,100,Card,AD,A,Diamonds,128,128,0.125,0.875,0.0,1.0,Media\Games\Cards\Dark_Portal\Faces\AD.tga,Source_PNG\Games\Cards\Dark_Portal\Faces\AD.png
Dark_Portal,Dark Portal,False,100,Card,AC,A,Clubs,128,128,0.125,0.875,0.0,1.0,Media\Games\Cards\Dark_Portal\Faces\AC.tga,Source_PNG\Games\Cards\Dark_Portal\Faces\AC.png
Dark_Portal,Dark Portal,False,100,Card,2S,2,Spades,128,128,0.125,0.875,0.0,1.0,Media\Games\Cards\Dark_Portal\Faces\2S.tga,Source_PNG\Games\Cards\Dark_Portal\Faces\2S.png
Dark_Portal,Dark Portal,False,100,Card,2H,2,Hearts,128,128,0.125,0.875,0.0,1.0,Media\Games\Cards\Dark_Portal\Faces\2H.tga,Source_PNG\Games\Cards\Dark_Portal\Faces\2H.png
Dark_Portal,Dark Portal,False,100,Card,2D,2,Diamonds,128,128,0.125,0.875,0.0,1.0,Media\Games\Cards\Dark_Portal\Faces\2D.tga,Source_PNG\Games\Cards\Dark_Portal\Faces\2D.png
Dark_Portal,Dark Portal,False,100,Card,2C,2,Clubs,128,128,0.125,0.875,0.0,1.0,Media\Games\Cards\Dark_Portal\Faces\2C.tga,Source_PNG\Games\Cards\Dark_Portal\Faces\2C.png
Dark_Portal,Dark Portal,False,100,Card,3S,3,Spades,128,128,0.125,0.875,0.0,1.0,Media\Games\Cards\Dark_Portal\Faces\3S.tga,Source_PNG\Games\Cards\Dark_Portal\Faces\3S.png
Dark_Portal,Dark Portal,False,100,Card,3H,3,Hearts,128,128,0.125,0.875,0.0,1.0,Media\Games\Cards\Dark_Portal\Faces\3H.tga,Source_PNG\Games\Cards\Dark_Portal\Faces\3H.png
Dark_Portal,Dark Portal,False,100,Card,3D,3,Diamonds,128,128,0.125,0.875,0.0,1.0,Media\Games\Cards\Dark_Portal\Faces\3D.tga,Source_PNG\Games\Cards\Dark_Portal\Faces\3D.png
Dark_Portal,Dark Portal,False,100,Card,3C,3,Clubs,128,128,0.125,0.875,0.0,1.0,Media\Games\Cards\Dark_Portal\Faces\3C.tga,Source_PNG\Games\Cards\Dark_Portal\Faces\3C.png
Dark_Portal,Dark Portal,False,100,Card,4S,4,Spades,128,128,0.125,0.875,0.0,1.0,Media\Games\Cards\Dark_Portal\Faces\4S.tga,Source_PNG\Games\Cards\Dark_Portal\Faces\4S.png
Dark_Portal,Dark Portal,False,100,Card,4H,4,Hearts,128,128,0.125,0.875,0.0,1.0,Media\Games\Cards\Dark_Portal\Faces\4H.tga,Source_PNG\Games\Cards\Dark_Portal\Faces\4H.png
Dark_Portal,Dark Portal,False,100,Card,4D,4,Diamonds,128,128,0.125,0.875,0.0,1.0,Media\Games\Cards\Dark_Portal\Faces\4D.tga,Source_PNG\Games\Cards\Dark_Portal\Faces\4D.png
Dark_Portal,Dark Portal,False,100,Card,4C,4,Clubs,128,128,0.125,0.875,0.0,1.0,Media\Games\Cards\Dark_Portal\Faces\4C.tga,Source_PNG\Games\Cards\Dark_Portal\Faces\4C.png
Dark_Portal,Dark Portal,False,100,Card,5S,5,Spades,128,128,0.125,0.875,0.0,1.0,Media\Games\Cards\Dark_Portal\Faces\5S.tga,Source_PNG\Games\Cards\Dark_Portal\Faces\5S.png
Dark_Portal,Dark Portal,False,100,Card,5H,5,Hearts,128,128,0.125,0.875,0.0,1.0,Media\Games\Cards\Dark_Portal\Faces\5H.tga,Source_PNG\Games\Cards\Dark_Portal\Faces\5H.png
Dark_Portal,Dark Portal,False,100,Card,5D,5,Diamonds,128,128,0.125,0.875,0.0,1.0,Media\Games\Cards\Dark_Portal\Faces\5D.tga,Source_PNG\Games\Cards\Dark_Portal\Faces\5D.png
Dark_Portal,Dark Portal,False,100,Card,5C,5,Clubs,128,128,0.125,0.875,0.0,1.0,Media\Games\Cards\Dark_Portal\Faces\5C.tga,Source_PNG\Games\Cards\Dark_Portal\Faces\5C.png
Dark_Portal,Dark Portal,False,100,Card,6S,6,Spades,128,128,0.125,0.875,0.0,1.0,Media\Games\Cards\Dark_Portal\Faces\6S.tga,Source_PNG\Games\Cards\Dark_Portal\Faces\6S.png
Dark_Portal,Dark Portal,False,100,Card,6H,6,Hearts,128,128,0.125,0.875,0.0,1.0,Media\Games\Cards\Dark_Portal\Faces\6H.tga,Source_PNG\Games\Cards\Dark_Portal\Faces\6H.png
Dark_Portal,Dark Portal,False,100,Card,6D,6,Diamonds,128,128,0.125,0.875,0.0,1.0,Media\Games\Cards\Dark_Portal\Faces\6D.tga,Source_PNG\Games\Cards\Dark_Portal\Faces\6D.png
Dark_Portal,Dark Portal,False,100,Card,6C,6,Clubs,128,128,0.125,0.875,0.0,1.0,Media\Games\Cards\Dark_Portal\Faces\6C.tga,Source_PNG\Games\Cards\Dark_Portal\Faces\6C.png
Dark_Portal,Dark Portal,False,100,Card,7S,7,Spades,128,128,0.125,0.875,0.0,1.0,Media\Games\Cards\Dark_Portal\Faces\7S.tga,Source_PNG\Games\Cards\Dark_Portal\Faces\7S.png
Dark_Portal,Dark Portal,False,100,Card,7H,7,Hearts,128,128,0.125,0.875,0.0,1.0,Media\Games\Cards\Dark_Portal\Faces\7H.tga,Source_PNG\Games\Cards\Dark_Portal\Faces\7H.png
Dark_Portal,Dark Portal,False,100,Card,7D,7,Diamonds,128,128,0.125,0.875,0.0,1.0,Media\Games\Cards\Dark_Portal\Faces\7D.tga,Source_PNG\Games\Cards\Dark_Portal\Faces\7D.png
Dark_Portal,Dark Portal,False,100,Card,7C,7,Clubs,128,128,0.125,0.875,0.0,1.0,Media\Games\Cards\Dark_Portal\Faces\7C.tga,Source_PNG\Games\Cards\Dark_Portal\Faces\7C.png
Dark_Portal,Dark Portal,False,100,Card,8S,8,Spades,128,128,0.125,0.875,0.0,1.0,Media\Games\Cards\Dark_Portal\Faces\8S.tga,Source_PNG\Games\Cards\Dark_Portal\Faces\8S.png
Dark_Portal,Dark Portal,False,100,Card,8H,8,Hearts,128,128,0.125,0.875,0.0,1.0,Media\Games\Cards\Dark_Portal\Faces\8H.tga,Source_PNG\Games\Cards\Dark_Portal\Faces\8H.png
Dark_Portal,Dark Portal,False,100,Card,8D,8,Diamonds,128,128,0.125,0.875,0.0,1.0,Media\Games\Cards\Dark_Portal\Faces\8D.tga,Source_PNG\Games\Cards\Dark_Portal\Faces\8D.png
Dark_Portal,Dark Portal,False,100,Card,8C,8,Clubs,128,128,0.125,0.875,0.0,1.0,Media\Games\Cards\Dark_Portal\Faces\8C.tga,Source_PNG\Games\Cards\Dark_Portal\Faces\8C.png
Dark_Portal,Dark Portal,False,100,Card,9S,9,Spades,128,128,0.125,0.875,0.0,1.0,Media\Games\Cards\Dark_Portal\Faces\9S.tga,Source_PNG\Games\Cards\Dark_Portal\Faces\9S.png
Dark_Portal,Dark Portal,False,100,Card,9H,9,Hearts,128,128,0.125,0.875,0.0,1.0,Media\Games\Cards\Dark_Portal\Faces\9H.tga,Source_PNG\Games\Cards\Dark_Portal\Faces\9H.png
Dark_Portal,Dark Portal,False,100,Card,9D,9,Diamonds,128,128,0.125,0.875,0.0,1.0,Media\Games\Cards\Dark_Portal\Faces\9D.tga,Source_PNG\Games\Cards\Dark_Portal\Faces\9D.png
Dark_Portal,Dark Portal,False,100,Card,9C,9,Clubs,128,128,0.125,0.875,0.0,1.0,Media\Games\Cards\Dark_Portal\Faces\9C.tga,Source_PNG\Games\Cards\Dark_Portal\Faces\9C.png
Dark_Portal,Dark Portal,False,100,Card,10S,10,Spades,128,128,0.125,0.875,0.0,1.0,Media\Games\Cards\Dark_Portal\Faces\10S.tga,Source_PNG\Games\Cards\Dark_Portal\Faces\10S.png
Dark_Portal,Dark Portal,False,100,Card,10H,10,Hearts,128,128,0.125,0.875,0.0,1.0,Media\Games\Cards\Dark_Portal\Faces\10H.tga,Source_PNG\Games\Cards\Dark_Portal\Faces\10H.png
Dark_Portal,Dark Portal,False,100,Card,10D,10,Diamonds,128,128,0.125,0.875,0.0,1.0,Media\Games\Cards\Dark_Portal\Faces\10D.tga,Source_PNG\Games\Cards\Dark_Portal\Faces\10D.png
Dark_Portal,Dark Portal,False,100,Card,10C,10,Clubs,128,128,0.125,0.875,0.0,1.0,Media\Games\Cards\Dark_Portal\Faces\10C.tga,Source_PNG\Games\Cards\Dark_Portal\Faces\10C.png
Dark_Portal,Dark Portal,False,100,Card,JS,J,Spades,128,128,0.125,0.875,0.0,1.0,Media\Games\Cards\Dark_Portal\Faces\JS.tga,Source_PNG\Games\Cards\Dark_Portal\Faces\JS.png
Dark_Portal,Dark Portal,False,100,Card,JH,J,Hearts,128,128,0.125,0.875,0.0,1.0,Media\Games\Cards\Dark_Portal\Faces\JH.tga,Source_PNG\Games\Cards\Dark_Portal\Faces\JH.png
Dark_Portal,Dark Portal,False,100,Card,JD,J,Diamonds,128,128,0.125,0.875,0.0,1.0,Media\Games\Cards\Dark_Portal\Faces\JD.tga,Source_PNG\Games\Cards\Dark_Portal\Faces\JD.png
Dark_Portal,Dark Portal,False,100,Card,JC,J,Clubs,128,128,0.125,0.875,0.0,1.0,Media\Games\Cards\Dark_Portal\Faces\JC.tga,Source_PNG\Games\Cards\Dark_Portal\Faces\JC.png
Dark_Portal,Dark Portal,False,100,Card,QS,Q,Spades,128,128,0.125,0.875,0.0,1.0,Media\Games\Cards\Dark_Portal\Faces\QS.tga,Source_PNG\Games\Cards\Dark_Portal\Faces\QS.png
Dark_Portal,Dark Portal,False,100,Card,QH,Q,Hearts,128,128,0.125,0.875,0.0,1.0,Media\Games\Cards\Dark_Portal\Faces\QH.tga,Source_PNG\Games\Cards\Dark_Portal\Faces\QH.png
Dark_Portal,Dark Portal,False,100,Card,QD,Q,Diamonds,128,128,0.125,0.875,0.0,1.0,Media\Games\Cards\Dark_Portal\Faces\QD.tga,Source_PNG\Games\Cards\Dark_Portal\Faces\QD.png
Dark_Portal,Dark Portal,False,100,Card,QC,Q,Clubs,128,128,0.125,0.875,0.0,1.0,Media\Games\Cards\Dark_Portal\Faces\QC.tga,Source_PNG\Games\Cards\Dark_Portal\Faces\QC.png
Dark_Portal,Dark Portal,False,100,Card,KS,K,Spades,128,128,0.125,0.875,0.0,1.0,Media\Games\Cards\Dark_Portal\Faces\KS.tga,Source_PNG\Games\Cards\Dark_Portal\Faces\KS.png
Dark_Portal,Dark Portal,False,100,Card,KH,K,Hearts,128,128,0.125,0.875,0.0,1.0,Media\Games\Cards\Dark_Portal\Faces\KH.tga,Source_PNG\Games\Cards\Dark_Portal\Faces\KH.png
Dark_Portal,Dark Portal,False,100,Card,KD,K,Diamonds,128,128,0.125,0.875,0.0,1.0,Media\Games\Cards\Dark_Portal\Faces\KD.tga,Source_PNG\Games\Cards\Dark_Portal\Faces\KD.png
Dark_Portal,Dark Portal,False,100,Card,KC,K,Clubs,128,128,0.125,0.875,0.0,1.0,Media\Games\Cards\Dark_Portal\Faces\KC.tga,Source_PNG\Games\Cards\Dark_Portal\Faces\KC.png
Dark_Portal,Dark Portal,False,100,Joker,JOKER1,,,128,128,0.125,0.875,0,1,Media\Games\Cards\Dark_Portal\Joker_1.tga,Source_PNG\Games\Cards\Dark_Portal\Joker_1.png
Dark_Portal,Dark Portal,False,100,Joker,JOKER2,,,128,128,0.125,0.875,0,1,Media\Games\Cards\Dark_Portal\Joker_2.tga,Source_PNG\Games\Cards\Dark_Portal\Joker_2.png
Dark_Portal,Dark Portal,False,100,Back,BACK,,,128,128,0.125,0.875,0,1,Media\Games\Cards\Dark_Portal\Back.tga,Source_PNG\Games\Cards\Dark_Portal\Back.png
Dark_Portal,Dark Portal,False,100,DeckIcon,ICON,,,64,64,0,1,0,1,Media\Games\Cards\Dark_Portal\DeckIcon.tga,Source_PNG\Games\Cards\Dark_Portal\DeckIcon.png
Dark_Portal,Dark Portal,False,100,LockedIcon,LOCKED_ICON,,,64,64,0,1,0,1,Media\Games\Cards\Dark_Portal\DeckIcon_Locked.tga,Source_PNG\Games\Cards\Dark_Portal\DeckIcon_Locked.png
